Bevölkerung in den Gemeinden Tirols nach Altersgruppen, Staatsangehörigkeit, Geburtsland und Migrationshintergrund;;;;;;;;;;;
Population in the municipalities of Tyrol by age, nationality, country of birth and migration background;;;;;;;;;;;
NUTS3;DISTRICT_CODE;NAME;AGE_GRP;POP_TOTAL;POP_AUT_NATIONALITY;POP_FOR_NATIONALITY;POP_AUT_BORN;POP_FOR_BORN;POP_NOM_BACKGROUND;POP_MIG_BACKGROUND;YEAR
AT332;70101;Innsbruck;0_15;16021;13665;2356;14860;1161;13259;2762;2010
AT332;70101;Innsbruck;16_25;16808;13262;3546;12658;4150;12344;4464;2010
AT332;70101;Innsbruck;26_45;36585;27867;8718;25234;11351;24797;11788;2010
AT332;70101;Innsbruck;46_65;29937;25829;4108;23247;6690;23083;6854;2010
AT332;70101;Innsbruck;65_00;20796;19727;1069;16740;4056;16681;4115;2010
AT334;70201;Arzl im Pitztal;0_15;542;523;19;529;13;518;24;2010
AT334;70201;Arzl im Pitztal;16_25;417;399;18;393;24;390;27;2010
AT334;70201;Arzl im Pitztal;26_45;920;840;80;807;113;803;117;2010
AT334;70201;Arzl im Pitztal;46_65;701;646;55;628;73;627;74;2010
AT334;70201;Arzl im Pitztal;65_00;389;377;12;360;29;360;29;2010
AT334;70202;Haiming;0_15;849;802;47;824;25;790;59;2010
AT334;70202;Haiming;16_25;570;533;37;516;54;510;60;2010
AT334;70202;Haiming;26_45;1322;1192;130;1137;185;1134;188;2010
AT334;70202;Haiming;46_65;1046;986;60;952;94;948;98;2010
AT334;70202;Haiming;65_00;562;550;12;499;63;498;64;2010
AT334;70203;Imst;0_15;1753;1555;198;1669;84;1530;223;2010
AT334;70203;Imst;16_25;1286;1146;140;1092;194;1069;217;2010
AT334;70203;Imst;26_45;2847;2416;431;2212;635;2199;648;2010
AT334;70203;Imst;46_65;2334;2071;263;1922;412;1913;421;2010
AT334;70203;Imst;65_00;1274;1226;48;1091;183;1085;189;2010
AT334;70204;Imsterberg;0_15;136;135;1;133;3;133;3;2010
AT334;70204;Imsterberg;16_25;110;110;0;108;2;108;2;2010
AT334;70204;Imsterberg;26_45;221;212;9;209;12;209;12;2010
AT334;70204;Imsterberg;46_65;184;181;3;182;2;181;3;2010
AT334;70204;Imsterberg;65_00;102;101;1;98;4;98;4;2010
AT334;70205;Jerzens;0_15;183;170;13;171;12;167;16;2010
AT334;70205;Jerzens;16_25;141;125;16;125;16;125;16;2010
AT334;70205;Jerzens;26_45;320;244;76;245;75;243;77;2010
AT334;70205;Jerzens;46_65;260;234;26;231;29;230;30;2010
AT334;70205;Jerzens;65_00;122;120;2;117;5;117;5;2010
AT334;70206;Karres;0_15;106;105;1;105;1;105;1;2010
AT334;70206;Karres;16_25;75;75;0;75;0;75;0;2010
AT334;70206;Karres;26_45;200;195;5;192;8;192;8;2010
AT334;70206;Karres;46_65;131;127;4;125;6;125;6;2010
AT334;70206;Karres;65_00;94;94;0;91;3;91;3;2010
AT334;70207;Karrösten;0_15;98;95;3;96;2;95;3;2010
AT334;70207;Karrösten;16_25;98;98;0;97;1;97;1;2010
AT334;70207;Karrösten;26_45;192;180;12;180;12;180;12;2010
AT334;70207;Karrösten;46_65;203;198;5;193;10;193;10;2010
AT334;70207;Karrösten;65_00;89;85;4;80;9;80;9;2010
AT334;70208;Längenfeld;0_15;867;816;51;843;24;807;60;2010
AT334;70208;Längenfeld;16_25;711;645;66;630;81;628;83;2010
AT334;70208;Längenfeld;26_45;1344;1195;149;1179;165;1177;167;2010
AT334;70208;Längenfeld;46_65;1002;926;76;907;95;904;98;2010
AT334;70208;Längenfeld;65_00;455;440;15;420;35;418;37;2010
AT334;70209;Mieming;0_15;669;622;47;641;28;620;49;2010
AT334;70209;Mieming;16_25;393;352;41;339;54;336;57;2010
AT334;70209;Mieming;26_45;1082;965;117;940;142;935;147;2010
AT334;70209;Mieming;46_65;846;765;81;739;107;737;109;2010
AT334;70209;Mieming;65_00;455;422;33;375;80;373;82;2010
AT334;70210;Mils bei Imst;0_15;108;105;3;105;3;103;5;2010
AT334;70210;Mils bei Imst;16_25;90;88;2;85;5;85;5;2010
AT334;70210;Mils bei Imst;26_45;160;153;7;151;9;150;10;2010
AT334;70210;Mils bei Imst;46_65;131;127;4;123;8;123;8;2010
AT334;70210;Mils bei Imst;65_00;64;63;1;63;1;63;1;2010
AT334;70211;Mötz;0_15;229;207;22;217;12;206;23;2010
AT334;70211;Mötz;16_25;176;154;22;152;24;147;29;2010
AT334;70211;Mötz;26_45;352;297;55;287;65;286;66;2010
AT334;70211;Mötz;46_65;321;294;27;285;36;285;36;2010
AT334;70211;Mötz;65_00;158;148;10;139;19;139;19;2010
AT334;70212;Nassereith;0_15;362;337;25;352;10;334;28;2010
AT334;70212;Nassereith;16_25;258;243;15;239;19;239;19;2010
AT334;70212;Nassereith;26_45;524;480;44;462;62;460;64;2010
AT334;70212;Nassereith;46_65;570;530;40;506;64;505;65;2010
AT334;70212;Nassereith;65_00;356;343;13;318;38;316;40;2010
AT334;70213;Obsteig;0_15;232;217;15;215;17;212;20;2010
AT334;70213;Obsteig;16_25;141;137;4;134;7;133;8;2010
AT334;70213;Obsteig;26_45;341;312;29;305;36;305;36;2010
AT334;70213;Obsteig;46_65;301;262;39;253;48;252;49;2010
AT334;70213;Obsteig;65_00;145;140;5;134;11;134;11;2010
AT334;70214;Oetz;0_15;398;371;27;382;16;366;32;2010
AT334;70214;Oetz;16_25;297;284;13;272;25;271;26;2010
AT334;70214;Oetz;26_45;649;561;88;532;117;532;117;2010
AT334;70214;Oetz;46_65;590;545;45;534;56;534;56;2010
AT334;70214;Oetz;65_00;331;317;14;304;27;302;29;2010
AT334;70215;Rietz;0_15;357;341;16;341;16;336;21;2010
AT334;70215;Rietz;16_25;255;248;7;246;9;245;10;2010
AT334;70215;Rietz;26_45;616;586;30;573;43;572;44;2010
AT334;70215;Rietz;46_65;562;540;22;518;44;518;44;2010
AT334;70215;Rietz;65_00;288;281;7;264;24;263;25;2010
AT334;70216;Roppen;0_15;284;270;14;276;8;267;17;2010
AT334;70216;Roppen;16_25;224;214;10;214;10;212;12;2010
AT334;70216;Roppen;26_45;507;458;49;439;68;437;70;2010
AT334;70216;Roppen;46_65;388;367;21;348;40;348;40;2010
AT334;70216;Roppen;65_00;241;237;4;235;6;235;6;2010
AT334;70217;St.Leonhard/Pitztal;0_15;243;236;7;235;8;233;10;2010
AT334;70217;St.Leonhard/Pitztal;16_25;217;209;8;208;9;208;9;2010
AT334;70217;St.Leonhard/Pitztal;26_45;450;403;47;399;51;399;51;2010
AT334;70217;St.Leonhard/Pitztal;46_65;354;328;26;318;36;318;36;2010
AT334;70217;St.Leonhard/Pitztal;65_00;199;196;3;194;5;194;5;2010
AT334;70218;Sautens;0_15;285;270;15;273;12;266;19;2010
AT334;70218;Sautens;16_25;154;138;16;141;13;136;18;2010
AT334;70218;Sautens;26_45;420;363;57;343;77;341;79;2010
AT334;70218;Sautens;46_65;363;328;35;315;48;314;49;2010
AT334;70218;Sautens;65_00;195;186;9;173;22;172;23;2010
AT334;70219;Silz;0_15;394;373;21;389;5;372;22;2010
AT334;70219;Silz;16_25;337;288;49;281;56;280;57;2010
AT334;70219;Silz;26_45;759;639;120;621;138;617;142;2010
AT334;70219;Silz;46_65;684;606;78;576;108;575;109;2010
AT334;70219;Silz;65_00;408;393;15;365;43;365;43;2010
AT334;70220;Sölden;0_15;542;477;65;513;29;467;75;2010
AT334;70220;Sölden;16_25;747;393;354;392;355;388;359;2010
AT334;70220;Sölden;26_45;1490;789;701;773;717;766;724;2010
AT334;70220;Sölden;46_65;969;715;254;701;268;700;269;2010
AT334;70220;Sölden;65_00;365;357;8;336;29;336;29;2010
AT334;70221;Stams;0_15;220;212;8;212;8;207;13;2010
AT334;70221;Stams;16_25;184;178;6;172;12;172;12;2010
AT334;70221;Stams;26_45;411;379;32;362;49;361;50;2010
AT334;70221;Stams;46_65;337;314;23;302;35;301;36;2010
AT334;70221;Stams;65_00;183;177;6;152;31;151;32;2010
AT334;70222;Tarrenz;0_15;449;427;22;440;9;423;26;2010
AT334;70222;Tarrenz;16_25;423;395;28;380;43;379;44;2010
AT334;70222;Tarrenz;26_45;742;675;67;638;104;637;105;2010
AT334;70222;Tarrenz;46_65;688;653;35;614;74;612;76;2010
AT334;70222;Tarrenz;65_00;346;333;13;308;38;308;38;2010
AT334;70223;Umhausen;0_15;644;597;47;619;25;592;52;2010
AT334;70223;Umhausen;16_25;449;423;26;412;37;410;39;2010
AT334;70223;Umhausen;26_45;974;876;98;862;112;860;114;2010
AT334;70223;Umhausen;46_65;667;612;55;607;60;605;62;2010
AT334;70223;Umhausen;65_00;344;333;11;322;22;321;23;2010
AT334;70224;Wenns;0_15;336;319;17;332;4;319;17;2010
AT334;70224;Wenns;16_25;284;272;12;271;13;271;13;2010
AT334;70224;Wenns;26_45;574;532;42;526;48;524;50;2010
AT334;70224;Wenns;46_65;493;457;36;452;41;448;45;2010
AT334;70224;Wenns;65_00;292;280;12;265;27;264;28;2010
AT332;70301;Absam;0_15;1007;951;56;983;24;943;64;2010
AT332;70301;Absam;16_25;836;802;34;788;48;783;53;2010
AT332;70301;Absam;26_45;1922;1754;168;1684;238;1674;248;2010
AT332;70301;Absam;46_65;1844;1740;104;1650;194;1645;199;2010
AT332;70301;Absam;65_00;1091;1064;27;932;159;929;162;2010
AT332;70302;Aldrans;0_15;417;387;30;395;22;374;43;2010
AT332;70302;Aldrans;16_25;238;218;20;214;24;214;24;2010
AT332;70302;Aldrans;26_45;700;601;99;578;122;574;126;2010
AT332;70302;Aldrans;46_65;510;467;43;449;61;449;61;2010
AT332;70302;Aldrans;65_00;318;313;5;270;48;269;49;2010
AT332;70303;Ampass;0_15;312;286;26;297;15;283;29;2010
AT332;70303;Ampass;16_25;201;181;20;180;21;176;25;2010
AT332;70303;Ampass;26_45;557;481;76;455;102;451;106;2010
AT332;70303;Ampass;46_65;368;340;28;328;40;325;43;2010
AT332;70303;Ampass;65_00;206;202;4;186;20;186;20;2010
AT332;70304;Axams;0_15;816;767;49;792;24;759;57;2010
AT332;70304;Axams;16_25;696;659;37;638;58;634;62;2010
AT332;70304;Axams;26_45;1559;1383;176;1350;209;1339;220;2010
AT332;70304;Axams;46_65;1610;1518;92;1457;153;1454;156;2010
AT332;70304;Axams;65_00;818;787;31;710;108;708;110;2010
AT332;70305;Baumkirchen;0_15;211;203;8;200;11;197;14;2010
AT332;70305;Baumkirchen;16_25;142;141;1;141;1;141;1;2010
AT332;70305;Baumkirchen;26_45;317;297;20;287;30;287;30;2010
AT332;70305;Baumkirchen;46_65;295;279;16;273;22;271;24;2010
AT332;70305;Baumkirchen;65_00;179;174;5;152;27;152;27;2010
AT332;70306;Birgitz;0_15;197;175;22;191;6;174;23;2010
AT332;70306;Birgitz;16_25;159;151;8;142;17;142;17;2010
AT332;70306;Birgitz;26_45;390;337;53;322;68;322;68;2010
AT332;70306;Birgitz;46_65;379;355;24;330;49;330;49;2010
AT332;70306;Birgitz;65_00;181;172;9;149;32;149;32;2010
AT332;70307;Ellbögen;0_15;184;180;4;184;0;180;4;2010
AT332;70307;Ellbögen;16_25;142;140;2;139;3;138;4;2010
AT332;70307;Ellbögen;26_45;318;302;16;302;16;300;18;2010
AT332;70307;Ellbögen;46_65;269;262;7;255;14;255;14;2010
AT332;70307;Ellbögen;65_00;168;163;5;157;11;157;11;2010
AT332;70308;Flaurling;0_15;239;222;17;230;9;219;20;2010
AT332;70308;Flaurling;16_25;178;166;12;163;15;161;17;2010
AT332;70308;Flaurling;26_45;348;325;23;316;32;316;32;2010
AT332;70308;Flaurling;46_65;301;282;19;277;24;277;24;2010
AT332;70308;Flaurling;65_00;158;154;4;149;9;148;10;2010
AT332;70309;Fritzens;0_15;340;321;19;329;11;317;23;2010
AT332;70309;Fritzens;16_25;239;225;14;227;12;224;15;2010
AT332;70309;Fritzens;26_45;629;565;64;556;73;553;76;2010
AT332;70309;Fritzens;46_65;514;486;28;466;48;464;50;2010
AT332;70309;Fritzens;65_00;341;336;5;301;40;301;40;2010
AT332;70310;Fulpmes;0_15;757;675;82;715;42;662;95;2010
AT332;70310;Fulpmes;16_25;560;488;72;483;77;467;93;2010
AT332;70310;Fulpmes;26_45;1265;1020;245;931;334;919;346;2010
AT332;70310;Fulpmes;46_65;1087;905;182;821;266;817;270;2010
AT332;70310;Fulpmes;65_00;500;470;30;442;58;441;59;2010
AT332;70311;Gnadenwald;0_15;143;140;3;143;0;140;3;2010
AT332;70311;Gnadenwald;16_25;82;78;4;75;7;75;7;2010
AT332;70311;Gnadenwald;26_45;221;206;15;206;15;206;15;2010
AT332;70311;Gnadenwald;46_65;173;167;6;161;12;158;15;2010
AT332;70311;Gnadenwald;65_00;94;87;7;80;14;79;15;2010
AT332;70312;Götzens;0_15;612;559;53;580;32;551;61;2010
AT332;70312;Götzens;16_25;495;436;59;423;72;423;72;2010
AT332;70312;Götzens;26_45;1205;1040;165;1003;202;999;206;2010
AT332;70312;Götzens;46_65;1050;950;100;901;149;898;152;2010
AT332;70312;Götzens;65_00;526;512;14;453;73;452;74;2010
AT332;70313;Gries am Brenner;0_15;222;207;15;214;8;206;16;2010
AT332;70313;Gries am Brenner;16_25;149;145;4;144;5;144;5;2010
AT332;70313;Gries am Brenner;26_45;369;345;24;342;27;341;28;2010
AT332;70313;Gries am Brenner;46_65;309;299;10;289;20;289;20;2010
AT332;70313;Gries am Brenner;65_00;206;201;5;192;14;192;14;2010
AT332;70314;Gries im Sellrain;0_15;99;98;1;98;1;98;1;2010
AT332;70314;Gries im Sellrain;16_25;68;67;1;66;2;66;2;2010
AT332;70314;Gries im Sellrain;26_45;179;169;10;166;13;166;13;2010
AT332;70314;Gries im Sellrain;46_65;162;152;10;149;13;149;13;2010
AT332;70314;Gries im Sellrain;65_00;75;72;3;66;9;66;9;2010
AT332;70315;Grinzens;0_15;216;202;14;208;8;201;15;2010
AT332;70315;Grinzens;16_25;167;163;4;161;6;160;7;2010
AT332;70315;Grinzens;26_45;387;352;35;348;39;347;40;2010
AT332;70315;Grinzens;46_65;344;321;23;313;31;312;32;2010
AT332;70315;Grinzens;65_00;193;192;1;179;14;179;14;2010
AT332;70317;Gschnitz;0_15;76;73;3;73;3;73;3;2010
AT332;70317;Gschnitz;16_25;49;47;2;47;2;47;2;2010
AT332;70317;Gschnitz;26_45;125;120;5;120;5;120;5;2010
AT332;70317;Gschnitz;46_65;103;102;1;100;3;100;3;2010
AT332;70317;Gschnitz;65_00;62;61;1;60;2;60;2;2010
AT332;70318;Hatting;0_15;246;237;9;241;5;234;12;2010
AT332;70318;Hatting;16_25;139;127;12;128;11;125;14;2010
AT332;70318;Hatting;26_45;401;365;36;357;44;356;45;2010
AT332;70318;Hatting;46_65;289;267;22;255;34;253;36;2010
AT332;70318;Hatting;65_00;155;149;6;140;15;139;16;2010
AT332;70319;Inzing;0_15;606;564;42;576;30;553;53;2010
AT332;70319;Inzing;16_25;458;436;22;433;25;424;34;2010
AT332;70319;Inzing;26_45;1019;929;90;896;123;893;126;2010
AT332;70319;Inzing;46_65;950;897;53;858;92;856;94;2010
AT332;70319;Inzing;65_00;469;462;7;422;47;421;48;2010
AT332;70320;Kematen in Tirol;0_15;417;391;26;399;18;384;33;2010
AT332;70320;Kematen in Tirol;16_25;338;324;14;321;17;320;18;2010
AT332;70320;Kematen in Tirol;26_45;789;693;96;656;133;652;137;2010
AT332;70320;Kematen in Tirol;46_65;703;653;50;627;76;624;79;2010
AT332;70320;Kematen in Tirol;65_00;324;318;6;278;46;278;46;2010
AT332;70322;Kolsass;0_15;271;261;10;264;7;258;13;2010
AT332;70322;Kolsass;16_25;175;170;5;169;6;169;6;2010
AT332;70322;Kolsass;26_45;450;421;29;407;43;407;43;2010
AT332;70322;Kolsass;46_65;385;368;17;352;33;352;33;2010
AT332;70322;Kolsass;65_00;225;224;1;208;17;208;17;2010
AT332;70323;Kolsassberg;0_15;130;129;1;126;4;125;5;2010
AT332;70323;Kolsassberg;16_25;110;107;3;106;4;106;4;2010
AT332;70323;Kolsassberg;26_45;206;189;17;189;17;189;17;2010
AT332;70323;Kolsassberg;46_65;208;198;10;195;13;194;14;2010
AT332;70323;Kolsassberg;65_00;88;88;0;83;5;83;5;2010
AT332;70325;Lans;0_15;156;143;13;151;5;143;13;2010
AT332;70325;Lans;16_25;120;110;10;108;12;108;12;2010
AT332;70325;Lans;26_45;246;218;28;215;31;214;32;2010
AT332;70325;Lans;46_65;239;219;20;210;29;208;31;2010
AT332;70325;Lans;65_00;157;150;7;136;21;135;22;2010
AT332;70326;Leutasch;0_15;339;286;53;302;37;279;60;2010
AT332;70326;Leutasch;16_25;259;217;42;212;47;211;48;2010
AT332;70326;Leutasch;26_45;617;479;138;456;161;455;162;2010
AT332;70326;Leutasch;46_65;653;539;114;521;132;519;134;2010
AT332;70326;Leutasch;65_00;354;312;42;285;69;283;71;2010
AT332;70327;Matrei am Brenner;0_15;121;115;6;112;9;110;11;2010
AT332;70327;Matrei am Brenner;16_25;124;116;8;113;11;112;12;2010
AT332;70327;Matrei am Brenner;26_45;246;226;20;222;24;222;24;2010
AT332;70327;Matrei am Brenner;46_65;253;236;17;230;23;230;23;2010
AT332;70327;Matrei am Brenner;65_00;158;153;5;140;18;140;18;2010
AT332;70328;Mieders;0_15;302;274;28;284;18;271;31;2010
AT332;70328;Mieders;16_25;261;242;19;241;20;235;26;2010
AT332;70328;Mieders;26_45;512;413;99;399;113;393;119;2010
AT332;70328;Mieders;46_65;465;398;67;381;84;380;85;2010
AT332;70328;Mieders;65_00;213;205;8;191;22;191;22;2010
AT332;70329;Mils;0_15;714;667;47;683;31;658;56;2010
AT332;70329;Mils;16_25;452;419;33;420;32;411;41;2010
AT332;70329;Mils;26_45;1185;1072;113;1023;162;1019;166;2010
AT332;70329;Mils;46_65;1081;1011;70;959;122;958;123;2010
AT332;70329;Mils;65_00;719;693;26;601;118;595;124;2010
AT332;70330;Mühlbachl;0_15;238;218;20;231;7;217;21;2010
AT332;70330;Mühlbachl;16_25;146;139;7;139;7;138;8;2010
AT332;70330;Mühlbachl;26_45;369;327;42;314;55;313;56;2010
AT332;70330;Mühlbachl;46_65;335;298;37;281;54;280;55;2010
AT332;70330;Mühlbachl;65_00;256;250;6;235;21;234;22;2010
AT332;70331;Mutters;0_15;299;285;14;285;14;275;24;2010
AT332;70331;Mutters;16_25;232;224;8;221;11;221;11;2010
AT332;70331;Mutters;26_45;570;510;60;498;72;496;74;2010
AT332;70331;Mutters;46_65;538;493;45;480;58;479;59;2010
AT332;70331;Mutters;65_00;344;338;6;300;44;299;45;2010
AT332;70332;Natters;0_15;293;284;9;283;10;280;13;2010
AT332;70332;Natters;16_25;230;217;13;209;21;206;24;2010
AT332;70332;Natters;26_45;512;442;70;418;94;417;95;2010
AT332;70332;Natters;46_65;559;523;36;499;60;497;62;2010
AT332;70332;Natters;65_00;301;293;8;252;49;252;49;2010
AT332;70333;Navis;0_15;348;341;7;342;6;339;9;2010
AT332;70333;Navis;16_25;290;286;4;285;5;285;5;2010
AT332;70333;Navis;26_45;634;597;37;593;41;592;42;2010
AT332;70333;Navis;46_65;446;440;6;432;14;431;15;2010
AT332;70333;Navis;65_00;249;245;4;239;10;238;11;2010
AT332;70334;Neustift im Stubaital;0_15;798;749;49;775;23;741;57;2010
AT332;70334;Neustift im Stubaital;16_25;640;574;66;559;81;559;81;2010
AT332;70334;Neustift im Stubaital;26_45;1419;1198;221;1169;250;1167;252;2010
AT332;70334;Neustift im Stubaital;46_65;1087;996;91;957;130;955;132;2010
AT332;70334;Neustift im Stubaital;65_00;566;550;16;525;41;525;41;2010
AT332;70335;Oberhofen im Inntal;0_15;325;300;25;316;9;295;30;2010
AT332;70335;Oberhofen im Inntal;16_25;207;193;14;191;16;190;17;2010
AT332;70335;Oberhofen im Inntal;26_45;512;464;48;439;73;437;75;2010
AT332;70335;Oberhofen im Inntal;46_65;432;408;24;376;56;376;56;2010
AT332;70335;Oberhofen im Inntal;65_00;206;195;11;175;31;175;31;2010
AT332;70336;Obernberg am Brenner;0_15;62;62;0;62;0;62;0;2010
AT332;70336;Obernberg am Brenner;16_25;51;50;1;50;1;50;1;2010
AT332;70336;Obernberg am Brenner;26_45;104;97;7;97;7;96;8;2010
AT332;70336;Obernberg am Brenner;46_65;97;93;4;91;6;91;6;2010
AT332;70336;Obernberg am Brenner;65_00;50;48;2;47;3;47;3;2010
AT332;70337;Oberperfuss;0_15;479;471;8;473;6;468;11;2010
AT332;70337;Oberperfuss;16_25;389;367;22;368;21;363;26;2010
AT332;70337;Oberperfuss;26_45;823;776;47;766;57;764;59;2010
AT332;70337;Oberperfuss;46_65;744;711;33;682;62;681;63;2010
AT332;70337;Oberperfuss;65_00;380;370;10;348;32;347;33;2010
AT332;70338;Patsch;0_15;148;136;12;139;9;133;15;2010
AT332;70338;Patsch;16_25;141;136;5;139;2;135;6;2010
AT332;70338;Patsch;26_45;303;268;35;266;37;265;38;2010
AT332;70338;Patsch;46_65;258;244;14;236;22;236;22;2010
AT332;70338;Patsch;65_00;163;156;7;133;30;133;30;2010
AT332;70339;Pettnau;0_15;121;120;1;117;4;117;4;2010
AT332;70339;Pettnau;16_25;127;119;8;120;7;118;9;2010
AT332;70339;Pettnau;26_45;247;233;14;228;19;228;19;2010
AT332;70339;Pettnau;46_65;243;230;13;225;18;224;19;2010
AT332;70339;Pettnau;65_00;155;149;6;140;15;138;17;2010
AT332;70340;Pfaffenhofen;0_15;204;195;9;191;13;185;19;2010
AT332;70340;Pfaffenhofen;16_25;140;128;12;127;13;123;17;2010
AT332;70340;Pfaffenhofen;26_45;319;280;39;264;55;261;58;2010
AT332;70340;Pfaffenhofen;46_65;253;239;14;229;24;228;25;2010
AT332;70340;Pfaffenhofen;65_00;146;141;5;132;14;132;14;2010
AT332;70341;Pfons;0_15;186;183;3;183;3;183;3;2010
AT332;70341;Pfons;16_25;157;156;1;156;1;155;2;2010
AT332;70341;Pfons;26_45;373;362;11;356;17;356;17;2010
AT332;70341;Pfons;46_65;326;316;10;310;16;310;16;2010
AT332;70341;Pfons;65_00;179;176;3;162;17;162;17;2010
AT332;70342;Polling in Tirol;0_15;188;174;14;181;7;171;17;2010
AT332;70342;Polling in Tirol;16_25;122;117;5;113;9;113;9;2010
AT332;70342;Polling in Tirol;26_45;310;284;26;279;31;276;34;2010
AT332;70342;Polling in Tirol;46_65;226;206;20;200;26;199;27;2010
AT332;70342;Polling in Tirol;65_00;106;103;3;91;15;91;15;2010
AT332;70343;Ranggen;0_15;184;180;4;176;8;174;10;2010
AT332;70343;Ranggen;16_25;127;125;2;123;4;122;5;2010
AT332;70343;Ranggen;26_45;289;267;22;263;26;263;26;2010
AT332;70343;Ranggen;46_65;242;228;14;220;22;219;23;2010
AT332;70343;Ranggen;65_00;130;127;3;120;10;120;10;2010
AT332;70344;Reith bei Seefeld;0_15;176;160;16;164;12;155;21;2010
AT332;70344;Reith bei Seefeld;16_25;152;136;16;134;18;133;19;2010
AT332;70344;Reith bei Seefeld;26_45;326;275;51;264;62;263;63;2010
AT332;70344;Reith bei Seefeld;46_65;307;269;38;257;50;257;50;2010
AT332;70344;Reith bei Seefeld;65_00;181;166;15;152;29;151;30;2010
AT332;70345;Rinn;0_15;310;291;19;300;10;286;24;2010
AT332;70345;Rinn;16_25;218;208;10;201;17;201;17;2010
AT332;70345;Rinn;26_45;538;492;46;477;61;477;61;2010
AT332;70345;Rinn;46_65;407;387;20;377;30;377;30;2010
AT332;70345;Rinn;65_00;182;175;7;157;25;156;26;2010
AT332;70346;Rum;0_15;1471;1351;120;1401;70;1309;162;2010
AT332;70346;Rum;16_25;1010;922;88;864;146;855;155;2010
AT332;70346;Rum;26_45;2599;2266;333;2133;466;2104;495;2010
AT332;70346;Rum;46_65;2300;2103;197;1908;392;1904;396;2010
AT332;70346;Rum;65_00;1470;1430;40;1224;246;1222;248;2010
AT332;70347;St.Sigmund/Sellrain;0_15;27;23;4;26;1;23;4;2010
AT332;70347;St.Sigmund/Sellrain;16_25;28;22;6;22;6;22;6;2010
AT332;70347;St.Sigmund/Sellrain;26_45;32;29;3;29;3;29;3;2010
AT332;70347;St.Sigmund/Sellrain;46_65;56;47;9;47;9;47;9;2010
AT332;70347;St.Sigmund/Sellrain;65_00;30;28;2;27;3;27;3;2010
AT332;70348;Scharnitz;0_15;214;158;56;166;48;146;68;2010
AT332;70348;Scharnitz;16_25;126;110;16;105;21;104;22;2010
AT332;70348;Scharnitz;26_45;393;277;116;257;136;253;140;2010
AT332;70348;Scharnitz;46_65;349;277;72;256;93;253;96;2010
AT332;70348;Scharnitz;65_00;209;188;21;146;63;145;64;2010
AT332;70349;Schmirn;0_15;176;173;3;173;3;172;4;2010
AT332;70349;Schmirn;16_25;123;120;3;119;4;119;4;2010
AT332;70349;Schmirn;26_45;261;251;10;252;9;251;10;2010
AT332;70349;Schmirn;46_65;205;201;4;198;7;198;7;2010
AT332;70349;Schmirn;65_00;130;127;3;126;4;126;4;2010
AT332;70350;Schönberg/Stubaital;0_15;181;160;21;162;19;156;25;2010
AT332;70350;Schönberg/Stubaital;16_25;112;90;22;89;23;86;26;2010
AT332;70350;Schönberg/Stubaital;26_45;306;251;55;233;73;230;76;2010
AT332;70350;Schönberg/Stubaital;46_65;254;221;33;214;40;213;41;2010
AT332;70350;Schönberg/Stubaital;65_00;142;137;5;128;14;127;15;2010
AT332;70351;Seefeld in Tirol;0_15;460;351;109;398;62;335;125;2010
AT332;70351;Seefeld in Tirol;16_25;321;246;75;239;82;225;96;2010
AT332;70351;Seefeld in Tirol;26_45;864;566;298;529;335;517;347;2010
AT332;70351;Seefeld in Tirol;46_65;962;682;280;640;322;636;326;2010
AT332;70351;Seefeld in Tirol;65_00;554;489;65;425;129;424;130;2010
AT332;70352;Sellrain;0_15;184;178;6;175;9;175;9;2010
AT332;70352;Sellrain;16_25;160;159;1;156;4;156;4;2010
AT332;70352;Sellrain;26_45;374;353;21;346;28;346;28;2010
AT332;70352;Sellrain;46_65;386;380;6;370;16;370;16;2010
AT332;70352;Sellrain;65_00;234;225;9;212;22;211;23;2010
AT332;70353;Sistrans;0_15;402;389;13;380;22;373;29;2010
AT332;70353;Sistrans;16_25;237;230;7;230;7;230;7;2010
AT332;70353;Sistrans;26_45;577;531;46;518;59;515;62;2010
AT332;70353;Sistrans;46_65;536;497;39;472;64;467;69;2010
AT332;70353;Sistrans;65_00;297;295;2;264;33;264;33;2010
AT332;70354;Hall in Tirol;0_15;2004;1698;306;1835;169;1660;344;2010
AT332;70354;Hall in Tirol;16_25;1481;1228;253;1201;280;1146;335;2010
AT332;70354;Hall in Tirol;26_45;3661;2892;769;2601;1060;2543;1118;2010
AT332;70354;Hall in Tirol;46_65;3175;2711;464;2416;759;2410;765;2010
AT332;70354;Hall in Tirol;65_00;2374;2246;128;1928;446;1921;453;2010
AT332;70355;Steinach/Brenner;0_15;556;508;48;530;26;505;51;2010
AT332;70355;Steinach/Brenner;16_25;434;398;36;400;34;390;44;2010
AT332;70355;Steinach/Brenner;26_45;956;862;94;840;116;834;122;2010
AT332;70355;Steinach/Brenner;46_65;887;819;68;796;91;794;93;2010
AT332;70355;Steinach/Brenner;65_00;526;515;11;476;50;473;53;2010
AT332;70356;Telfes im Stubai;0_15;245;237;8;238;7;232;13;2010
AT332;70356;Telfes im Stubai;16_25;169;165;4;160;9;160;9;2010
AT332;70356;Telfes im Stubai;26_45;447;397;50;389;58;388;59;2010
AT332;70356;Telfes im Stubai;46_65;350;329;21;319;31;319;31;2010
AT332;70356;Telfes im Stubai;65_00;238;230;8;208;30;207;31;2010
AT332;70357;Telfs;0_15;2750;2441;309;2603;147;2388;362;2010
AT332;70357;Telfs;16_25;2041;1755;286;1634;407;1583;458;2010
AT332;70357;Telfs;26_45;4325;3505;820;3126;1199;3078;1247;2010
AT332;70357;Telfs;46_65;3755;3294;461;2963;792;2954;801;2010
AT332;70357;Telfs;65_00;1755;1638;117;1459;296;1451;304;2010
AT332;70358;Thaur;0_15;685;635;50;668;17;633;52;2010
AT332;70358;Thaur;16_25;449;418;31;410;39;408;41;2010
AT332;70358;Thaur;26_45;1161;1049;112;1027;134;1021;140;2010
AT332;70358;Thaur;46_65;950;889;61;864;86;863;87;2010
AT332;70358;Thaur;65_00;515;500;15;473;42;471;44;2010
AT332;70359;Trins;0_15;218;202;16;205;13;200;18;2010
AT332;70359;Trins;16_25;180;164;16;164;16;163;17;2010
AT332;70359;Trins;26_45;365;333;32;328;37;325;40;2010
AT332;70359;Trins;46_65;337;315;22;300;37;299;38;2010
AT332;70359;Trins;65_00;173;165;8;161;12;160;13;2010
AT332;70360;Tulfes;0_15;224;214;10;218;6;212;12;2010
AT332;70360;Tulfes;16_25;186;173;13;165;21;164;22;2010
AT332;70360;Tulfes;26_45;422;376;46;372;50;371;51;2010
AT332;70360;Tulfes;46_65;413;387;26;377;36;377;36;2010
AT332;70360;Tulfes;65_00;148;145;3;131;17;131;17;2010
AT332;70361;Unterperfuss;0_15;17;17;0;17;0;17;0;2010
AT332;70361;Unterperfuss;16_25;17;15;2;13;4;13;4;2010
AT332;70361;Unterperfuss;26_45;45;43;2;44;1;43;2;2010
AT332;70361;Unterperfuss;46_65;41;40;1;40;1;40;1;2010
AT332;70361;Unterperfuss;65_00;78;78;0;72;6;72;6;2010
AT332;70362;Vals;0_15;103;99;4;102;1;99;4;2010
AT332;70362;Vals;16_25;80;77;3;77;3;77;3;2010
AT332;70362;Vals;26_45;160;153;7;150;10;150;10;2010
AT332;70362;Vals;46_65;126;124;2;120;6;120;6;2010
AT332;70362;Vals;65_00;82;81;1;77;5;77;5;2010
AT332;70364;Völs;0_15;905;826;79;856;49;800;105;2010
AT332;70364;Völs;16_25;757;682;75;642;115;629;128;2010
AT332;70364;Völs;26_45;1934;1678;256;1538;396;1519;415;2010
AT332;70364;Völs;46_65;1959;1831;128;1675;284;1672;287;2010
AT332;70364;Völs;65_00;982;958;24;765;217;764;218;2010
AT332;70365;Volders;0_15;719;703;16;706;13;696;23;2010
AT332;70365;Volders;16_25;569;543;26;526;43;521;48;2010
AT332;70365;Volders;26_45;1293;1186;107;1118;175;1114;179;2010
AT332;70365;Volders;46_65;1167;1086;81;1021;146;1020;147;2010
AT332;70365;Volders;65_00;582;563;19;521;61;521;61;2010
AT332;70366;Wattenberg;0_15;150;149;1;149;1;149;1;2010
AT332;70366;Wattenberg;16_25;94;94;0;93;1;93;1;2010
AT332;70366;Wattenberg;26_45;209;205;4;204;5;204;5;2010
AT332;70366;Wattenberg;46_65;163;158;5;155;8;155;8;2010
AT332;70366;Wattenberg;65_00;105;103;2;93;12;92;13;2010
AT332;70367;Wattens;0_15;1147;1067;80;1097;50;1045;102;2010
AT332;70367;Wattens;16_25;953;901;52;879;74;863;90;2010
AT332;70367;Wattens;26_45;2224;1960;264;1764;460;1750;474;2010
AT332;70367;Wattens;46_65;2051;1879;172;1747;304;1741;310;2010
AT332;70367;Wattens;65_00;1250;1214;36;1064;186;1063;187;2010
AT332;70368;Wildermieming;0_15;177;169;8;173;4;167;10;2010
AT332;70368;Wildermieming;16_25;95;95;0;94;1;94;1;2010
AT332;70368;Wildermieming;26_45;253;222;31;213;40;213;40;2010
AT332;70368;Wildermieming;46_65;204;191;13;181;23;181;23;2010
AT332;70368;Wildermieming;65_00;135;131;4;123;12;123;12;2010
AT332;70369;Zirl;0_15;1412;1292;120;1346;66;1277;135;2010
AT332;70369;Zirl;16_25;945;849;96;825;120;808;137;2010
AT332;70369;Zirl;26_45;2439;2144;295;2033;406;2021;418;2010
AT332;70369;Zirl;46_65;1903;1729;174;1610;293;1608;295;2010
AT332;70369;Zirl;65_00;942;911;31;805;137;803;139;2010
AT335;70401;Aurach bei Kitzbühel;0_15;156;146;10;144;12;141;15;2010
AT335;70401;Aurach bei Kitzbühel;16_25;108;105;3;105;3;105;3;2010
AT335;70401;Aurach bei Kitzbühel;26_45;311;274;37;261;50;261;50;2010
AT335;70401;Aurach bei Kitzbühel;46_65;357;310;47;303;54;303;54;2010
AT335;70401;Aurach bei Kitzbühel;65_00;218;193;25;177;41;176;42;2010
AT335;70402;Brixen im Thale;0_15;459;419;40;441;18;412;47;2010
AT335;70402;Brixen im Thale;16_25;316;292;24;289;27;287;29;2010
AT335;70402;Brixen im Thale;26_45;754;661;93;642;112;641;113;2010
AT335;70402;Brixen im Thale;46_65;729;649;80;634;95;633;96;2010
AT335;70402;Brixen im Thale;65_00;418;379;39;358;60;355;63;2010
AT335;70403;Fieberbrunn;0_15;679;618;61;637;42;606;73;2010
AT335;70403;Fieberbrunn;16_25;580;529;51;526;54;519;61;2010
AT335;70403;Fieberbrunn;26_45;1153;996;157;975;178;973;180;2010
AT335;70403;Fieberbrunn;46_65;1125;1026;99;993;132;993;132;2010
AT335;70403;Fieberbrunn;65_00;778;746;32;694;84;692;86;2010
AT335;70404;Going/Wilden Kaiser;0_15;322;294;28;295;27;283;39;2010
AT335;70404;Going/Wilden Kaiser;16_25;243;212;31;208;35;207;36;2010
AT335;70404;Going/Wilden Kaiser;26_45;534;426;108;411;123;410;124;2010
AT335;70404;Going/Wilden Kaiser;46_65;497;406;91;390;107;390;107;2010
AT335;70404;Going/Wilden Kaiser;65_00;255;230;25;211;44;211;44;2010
AT335;70405;Hochfilzen;0_15;182;168;14;176;6;168;14;2010
AT335;70405;Hochfilzen;16_25;141;134;7;132;9;131;10;2010
AT335;70405;Hochfilzen;26_45;307;275;32;265;42;264;43;2010
AT335;70405;Hochfilzen;46_65;309;287;22;276;33;276;33;2010
AT335;70405;Hochfilzen;65_00;184;179;5;160;24;160;24;2010
AT335;70406;Hopfgarten/Brixental;0_15;960;879;81;925;35;871;89;2010
AT335;70406;Hopfgarten/Brixental;16_25;707;656;51;657;50;647;60;2010
AT335;70406;Hopfgarten/Brixental;26_45;1507;1322;185;1291;216;1289;218;2010
AT335;70406;Hopfgarten/Brixental;46_65;1474;1353;121;1312;162;1309;165;2010
AT335;70406;Hopfgarten/Brixental;65_00;896;863;33;826;70;823;73;2010
AT335;70407;Itter;0_15;224;205;19;209;15;202;22;2010
AT335;70407;Itter;16_25;132;122;10;118;14;118;14;2010
AT335;70407;Itter;26_45;348;309;39;310;38;309;39;2010
AT335;70407;Itter;46_65;310;282;28;276;34;276;34;2010
AT335;70407;Itter;65_00;166;160;6;149;17;148;18;2010
AT335;70408;Jochberg;0_15;231;213;18;217;14;213;18;2010
AT335;70408;Jochberg;16_25;175;157;18;151;24;150;25;2010
AT335;70408;Jochberg;26_45;429;373;56;364;65;362;67;2010
AT335;70408;Jochberg;46_65;440;395;45;376;64;376;64;2010
AT335;70408;Jochberg;65_00;285;256;29;244;41;243;42;2010
AT335;70409;Kirchberg in Tirol;0_15;792;696;96;726;66;675;117;2010
AT335;70409;Kirchberg in Tirol;16_25;611;534;77;522;89;511;100;2010
AT335;70409;Kirchberg in Tirol;26_45;1419;1132;287;1077;342;1072;347;2010
AT335;70409;Kirchberg in Tirol;46_65;1427;1194;233;1144;283;1144;283;2010
AT335;70409;Kirchberg in Tirol;65_00;904;812;92;734;170;728;176;2010
AT335;70410;Kirchdorf in Tirol;0_15;636;574;62;597;39;559;77;2010
AT335;70410;Kirchdorf in Tirol;16_25;465;418;47;419;46;408;57;2010
AT335;70410;Kirchdorf in Tirol;26_45;1192;997;195;968;224;959;233;2010
AT335;70410;Kirchdorf in Tirol;46_65;985;892;93;862;123;858;127;2010
AT335;70410;Kirchdorf in Tirol;65_00;498;467;31;430;68;429;69;2010
AT335;70411;Kitzbühel;0_15;1043;893;150;942;101;852;191;2010
AT335;70411;Kitzbühel;16_25;838;708;130;686;152;665;173;2010
AT335;70411;Kitzbühel;26_45;2062;1603;459;1524;538;1507;555;2010
AT335;70411;Kitzbühel;46_65;2461;2086;375;1989;472;1981;480;2010
AT335;70411;Kitzbühel;65_00;1803;1634;169;1421;382;1412;391;2010
AT335;70412;Kössen;0_15;698;610;88;634;64;587;111;2010
AT335;70412;Kössen;16_25;538;482;56;457;81;455;83;2010
AT335;70412;Kössen;26_45;1115;885;230;843;272;839;276;2010
AT335;70412;Kössen;46_65;1203;1003;200;957;246;956;247;2010
AT335;70412;Kössen;65_00;639;547;92;495;144;491;148;2010
AT335;70413;Oberndorf in Tirol;0_15;318;288;30;303;15;285;33;2010
AT335;70413;Oberndorf in Tirol;16_25;243;219;24;220;23;215;28;2010
AT335;70413;Oberndorf in Tirol;26_45;552;478;74;469;83;469;83;2010
AT335;70413;Oberndorf in Tirol;46_65;599;530;69;512;87;511;88;2010
AT335;70413;Oberndorf in Tirol;65_00;303;275;28;254;49;251;52;2010
AT335;70414;Reith bei Kitzbühel;0_15;238;228;10;222;16;221;17;2010
AT335;70414;Reith bei Kitzbühel;16_25;165;150;15;150;15;147;18;2010
AT335;70414;Reith bei Kitzbühel;26_45;433;366;67;346;87;346;87;2010
AT335;70414;Reith bei Kitzbühel;46_65;462;369;93;358;104;357;105;2010
AT335;70414;Reith bei Kitzbühel;65_00;335;258;77;234;101;233;102;2010
AT335;70415;St.Jakob in Haus;0_15;135;128;7;130;5;127;8;2010
AT335;70415;St.Jakob in Haus;16_25;95;91;4;91;4;91;4;2010
AT335;70415;St.Jakob in Haus;26_45;210;182;28;181;29;181;29;2010
AT335;70415;St.Jakob in Haus;46_65;207;192;15;188;19;188;19;2010
AT335;70415;St.Jakob in Haus;65_00;83;78;5;69;14;69;14;2010
AT335;70416;St.Johann in Tirol;0_15;1436;1276;160;1373;63;1257;179;2010
AT335;70416;St.Johann in Tirol;16_25;1010;876;134;875;135;842;168;2010
AT335;70416;St.Johann in Tirol;26_45;2538;2117;421;2005;533;1980;558;2010
AT335;70416;St.Johann in Tirol;46_65;2390;2055;335;1933;457;1932;458;2010
AT335;70416;St.Johann in Tirol;65_00;1392;1283;109;1144;248;1137;255;2010
AT335;70417;St.Ulrich/Pillersee;0_15;260;227;33;236;24;224;36;2010
AT335;70417;St.Ulrich/Pillersee;16_25;196;181;15;178;18;178;18;2010
AT335;70417;St.Ulrich/Pillersee;26_45;467;394;73;387;80;386;81;2010
AT335;70417;St.Ulrich/Pillersee;46_65;429;362;67;353;76;352;77;2010
AT335;70417;St.Ulrich/Pillersee;65_00;241;198;43;186;55;184;57;2010
AT335;70418;Schwendt;0_15;127;110;17;118;9;109;18;2010
AT335;70418;Schwendt;16_25;106;99;7;96;10;96;10;2010
AT335;70418;Schwendt;26_45;220;185;35;180;40;180;40;2010
AT335;70418;Schwendt;46_65;222;187;35;183;39;183;39;2010
AT335;70418;Schwendt;65_00;121;99;22;99;22;97;24;2010
AT335;70419;Waidring;0_15;338;303;35;319;19;301;37;2010
AT335;70419;Waidring;16_25;221;205;16;201;20;201;20;2010
AT335;70419;Waidring;26_45;555;487;68;479;76;478;77;2010
AT335;70419;Waidring;46_65;532;472;60;457;75;457;75;2010
AT335;70419;Waidring;65_00;282;265;17;241;41;240;42;2010
AT335;70420;Westendorf;0_15;591;563;28;571;20;552;39;2010
AT335;70420;Westendorf;16_25;413;389;24;381;32;378;35;2010
AT335;70420;Westendorf;26_45;1001;884;117;860;141;858;143;2010
AT335;70420;Westendorf;46_65;981;870;111;840;141;837;144;2010
AT335;70420;Westendorf;65_00;611;551;60;516;95;513;98;2010
AT335;70501;Alpbach;0_15;472;456;16;453;19;448;24;2010
AT335;70501;Alpbach;16_25;332;320;12;313;19;312;20;2010
AT335;70501;Alpbach;26_45;710;640;70;634;76;631;79;2010
AT335;70501;Alpbach;46_65;693;590;103;582;111;578;115;2010
AT335;70501;Alpbach;65_00;411;358;53;348;63;348;63;2010
AT335;70502;Angath;0_15;183;169;14;179;4;165;18;2010
AT335;70502;Angath;16_25;125;116;9;116;9;113;12;2010
AT335;70502;Angath;26_45;279;245;34;238;41;235;44;2010
AT335;70502;Angath;46_65;219;202;17;194;25;192;27;2010
AT335;70502;Angath;65_00;105;103;2;102;3;102;3;2010
AT335;70503;Bad Häring;0_15;430;404;26;410;20;394;36;2010
AT335;70503;Bad Häring;16_25;302;279;23;280;22;277;25;2010
AT335;70503;Bad Häring;26_45;740;652;88;639;101;638;102;2010
AT335;70503;Bad Häring;46_65;690;647;43;605;85;605;85;2010
AT335;70503;Bad Häring;65_00;385;374;11;345;40;345;40;2010
AT335;70504;Brandenberg;0_15;296;285;11;287;9;282;14;2010
AT335;70504;Brandenberg;16_25;188;185;3;184;4;184;4;2010
AT335;70504;Brandenberg;26_45;416;393;23;390;26;389;27;2010
AT335;70504;Brandenberg;46_65;381;368;13;365;16;365;16;2010
AT335;70504;Brandenberg;65_00;272;263;9;256;16;255;17;2010
AT335;70505;Breitenbach am Inn;0_15;613;583;30;591;22;572;41;2010
AT335;70505;Breitenbach am Inn;16_25;438;417;21;414;24;409;29;2010
AT335;70505;Breitenbach am Inn;26_45;990;915;75;901;89;899;91;2010
AT335;70505;Breitenbach am Inn;46_65;793;734;59;716;77;716;77;2010
AT335;70505;Breitenbach am Inn;65_00;453;437;16;415;38;413;40;2010
AT335;70506;Brixlegg;0_15;420;364;56;404;16;363;57;2010
AT335;70506;Brixlegg;16_25;386;356;30;356;30;345;41;2010
AT335;70506;Brixlegg;26_45;793;670;123;636;157;629;164;2010
AT335;70506;Brixlegg;46_65;731;672;59;643;88;642;89;2010
AT335;70506;Brixlegg;65_00;455;441;14;407;48;405;50;2010
AT335;70508;Ebbs;0_15;883;806;77;826;57;789;94;2010
AT335;70508;Ebbs;16_25;672;611;61;591;81;588;84;2010
AT335;70508;Ebbs;26_45;1480;1257;223;1220;260;1208;272;2010
AT335;70508;Ebbs;46_65;1326;1179;147;1122;204;1117;209;2010
AT335;70508;Ebbs;65_00;804;735;69;649;155;644;160;2010
AT335;70509;Ellmau;0_15;397;348;49;367;30;342;55;2010
AT335;70509;Ellmau;16_25;320;278;42;272;48;270;50;2010
AT335;70509;Ellmau;26_45;741;609;132;593;148;591;150;2010
AT335;70509;Ellmau;46_65;778;609;169;583;195;580;198;2010
AT335;70509;Ellmau;65_00;410;322;88;287;123;284;126;2010
AT335;70510;Erl;0_15;261;236;25;237;24;224;37;2010
AT335;70510;Erl;16_25;193;173;20;154;39;154;39;2010
AT335;70510;Erl;26_45;407;322;85;295;112;292;115;2010
AT335;70510;Erl;46_65;371;298;73;281;90;280;91;2010
AT335;70510;Erl;65_00;225;210;15;176;49;175;50;2010
AT335;70511;Kirchbichl;0_15;878;816;62;849;29;806;72;2010
AT335;70511;Kirchbichl;16_25;607;562;45;556;51;544;63;2010
AT335;70511;Kirchbichl;26_45;1514;1324;190;1271;243;1256;258;2010
AT335;70511;Kirchbichl;46_65;1373;1250;123;1190;183;1183;190;2010
AT335;70511;Kirchbichl;65_00;916;893;23;835;81;834;82;2010
AT335;70512;Kramsach;0_15;783;726;57;748;35;711;72;2010
AT335;70512;Kramsach;16_25;501;466;35;469;32;456;45;2010
AT335;70512;Kramsach;26_45;1345;1223;122;1198;147;1195;150;2010
AT335;70512;Kramsach;46_65;1159;1063;96;1024;135;1022;137;2010
AT335;70512;Kramsach;65_00;749;732;17;662;87;660;89;2010
AT335;70513;Kufstein;0_15;2862;2351;511;2654;208;2292;570;2010
AT335;70513;Kufstein;16_25;2375;1838;537;1734;641;1652;723;2010
AT335;70513;Kufstein;26_45;5126;3764;1362;3291;1835;3224;1902;2010
AT335;70513;Kufstein;46_65;4397;3635;762;3204;1193;3167;1230;2010
AT335;70513;Kufstein;65_00;2628;2434;194;1949;679;1931;697;2010
AT335;70514;Kundl;0_15;702;649;53;677;25;639;63;2010
AT335;70514;Kundl;16_25;487;454;33;442;45;437;50;2010
AT335;70514;Kundl;26_45;1175;1012;163;962;213;957;218;2010
AT335;70514;Kundl;46_65;966;873;93;838;128;835;131;2010
AT335;70514;Kundl;65_00;641;624;17;575;66;574;67;2010
AT335;70515;Langkampfen;0_15;623;599;24;616;7;597;26;2010
AT335;70515;Langkampfen;16_25;467;434;33;434;33;431;36;2010
AT335;70515;Langkampfen;26_45;1031;941;90;910;121;904;127;2010
AT335;70515;Langkampfen;46_65;1021;952;69;927;94;927;94;2010
AT335;70515;Langkampfen;65_00;533;516;17;458;75;455;78;2010
AT335;70516;Mariastein;0_15;72;70;2;70;2;70;2;2010
AT335;70516;Mariastein;16_25;45;41;4;41;4;41;4;2010
AT335;70516;Mariastein;26_45;102;89;13;88;14;88;14;2010
AT335;70516;Mariastein;46_65;78;74;4;72;6;72;6;2010
AT335;70516;Mariastein;65_00;32;32;0;31;1;31;1;2010
AT335;70517;Münster;0_15;526;513;13;512;14;506;20;2010
AT335;70517;Münster;16_25;365;352;13;350;15;350;15;2010
AT335;70517;Münster;26_45;920;865;55;851;69;847;73;2010
AT335;70517;Münster;46_65;808;774;34;751;57;748;60;2010
AT335;70517;Münster;65_00;373;362;11;342;31;341;32;2010
AT335;70518;Niederndorf;0_15;469;428;41;422;47;405;64;2010
AT335;70518;Niederndorf;16_25;346;322;24;295;51;295;51;2010
AT335;70518;Niederndorf;26_45;769;674;95;641;128;640;129;2010
AT335;70518;Niederndorf;46_65;674;575;99;549;125;547;127;2010
AT335;70518;Niederndorf;65_00;364;335;29;300;64;300;64;2010
AT335;70519;Niederndorferberg;0_15;131;125;6;121;10;120;11;2010
AT335;70519;Niederndorferberg;16_25;83;82;1;81;2;81;2;2010
AT335;70519;Niederndorferberg;26_45;203;175;28;173;30;173;30;2010
AT335;70519;Niederndorferberg;46_65;163;132;31;125;38;125;38;2010
AT335;70519;Niederndorferberg;65_00;87;71;16;65;22;64;23;2010
AT335;70520;Radfeld;0_15;478;446;32;467;11;441;37;2010
AT335;70520;Radfeld;16_25;259;227;32;223;36;215;44;2010
AT335;70520;Radfeld;26_45;749;655;94;605;144;604;145;2010
AT335;70520;Radfeld;46_65;534;464;70;443;91;440;94;2010
AT335;70520;Radfeld;65_00;250;237;13;212;38;212;38;2010
AT335;70521;Rattenberg;0_15;54;41;13;46;8;40;14;2010
AT335;70521;Rattenberg;16_25;57;49;8;47;10;45;12;2010
AT335;70521;Rattenberg;26_45;111;89;22;84;27;84;27;2010
AT335;70521;Rattenberg;46_65;115;95;20;88;27;88;27;2010
AT335;70521;Rattenberg;65_00;68;68;0;61;7;61;7;2010
AT335;70522;Reith im Alpbachtal;0_15;441;404;37;414;27;394;47;2010
AT335;70522;Reith im Alpbachtal;16_25;385;335;50;333;52;329;56;2010
AT335;70522;Reith im Alpbachtal;26_45;726;626;100;600;126;598;128;2010
AT335;70522;Reith im Alpbachtal;46_65;682;624;58;600;82;600;82;2010
AT335;70522;Reith im Alpbachtal;65_00;427;408;19;394;33;392;35;2010
AT335;70523;Rettenschöss;0_15;81;78;3;78;3;78;3;2010
AT335;70523;Rettenschöss;16_25;59;54;5;54;5;54;5;2010
AT335;70523;Rettenschöss;26_45;133;117;16;114;19;114;19;2010
AT335;70523;Rettenschöss;46_65;113;101;12;101;12;100;13;2010
AT335;70523;Rettenschöss;65_00;71;65;6;59;12;59;12;2010
AT335;70524;Scheffau/Wild.Kaiser;0_15;219;207;12;215;4;207;12;2010
AT335;70524;Scheffau/Wild.Kaiser;16_25;162;153;9;150;12;150;12;2010
AT335;70524;Scheffau/Wild.Kaiser;26_45;363;300;63;291;72;290;73;2010
AT335;70524;Scheffau/Wild.Kaiser;46_65;369;320;49;311;58;311;58;2010
AT335;70524;Scheffau/Wild.Kaiser;65_00;209;188;21;170;39;170;39;2010
AT335;70525;Schwoich;0_15;423;401;22;412;11;400;23;2010
AT335;70525;Schwoich;16_25;267;255;12;253;14;252;15;2010
AT335;70525;Schwoich;26_45;647;592;55;579;68;576;71;2010
AT335;70525;Schwoich;46_65;641;591;50;580;61;580;61;2010
AT335;70525;Schwoich;65_00;301;290;11;276;25;274;27;2010
AT335;70526;Söll;0_15;610;552;58;587;23;546;64;2010
AT335;70526;Söll;16_25;466;435;31;433;33;427;39;2010
AT335;70526;Söll;26_45;1042;900;142;867;175;860;182;2010
AT335;70526;Söll;46_65;946;833;113;808;138;806;140;2010
AT335;70526;Söll;65_00;462;437;25;421;41;420;42;2010
AT335;70527;Thiersee;0_15;501;468;33;470;31;452;49;2010
AT335;70527;Thiersee;16_25;343;323;20;314;29;313;30;2010
AT335;70527;Thiersee;26_45;769;663;106;656;113;651;118;2010
AT335;70527;Thiersee;46_65;769;672;97;643;126;643;126;2010
AT335;70527;Thiersee;65_00;440;393;47;369;71;367;73;2010
AT335;70528;Angerberg;0_15;297;288;9;287;10;284;13;2010
AT335;70528;Angerberg;16_25;223;217;6;214;9;213;10;2010
AT335;70528;Angerberg;26_45;479;444;35;435;44;434;45;2010
AT335;70528;Angerberg;46_65;478;454;24;440;38;440;38;2010
AT335;70528;Angerberg;65_00;262;255;7;238;24;238;24;2010
AT335;70529;Walchsee;0_15;309;275;34;283;26;265;44;2010
AT335;70529;Walchsee;16_25;255;235;20;225;30;225;30;2010
AT335;70529;Walchsee;26_45;510;416;94;401;109;401;109;2010
AT335;70529;Walchsee;46_65;514;427;87;406;108;404;110;2010
AT335;70529;Walchsee;65_00;224;192;32;175;49;174;50;2010
AT335;70530;Wildschönau;0_15;822;786;36;796;26;782;40;2010
AT335;70530;Wildschönau;16_25;494;477;17;470;24;467;27;2010
AT335;70530;Wildschönau;26_45;1182;1082;100;1065;117;1064;118;2010
AT335;70530;Wildschönau;46_65;1037;920;117;895;142;895;142;2010
AT335;70530;Wildschönau;65_00;596;551;45;518;78;517;79;2010
AT335;70531;Wörgl;0_15;2221;1914;307;2099;122;1869;352;2010
AT335;70531;Wörgl;16_25;1667;1413;254;1310;357;1267;400;2010
AT335;70531;Wörgl;26_45;3840;3006;834;2568;1272;2516;1324;2010
AT335;70531;Wörgl;46_65;3249;2807;442;2524;725;2523;726;2010
AT335;70531;Wörgl;65_00;1668;1566;102;1379;289;1373;295;2010
AT334;70601;Faggen;0_15;82;80;2;80;2;78;4;2010
AT334;70601;Faggen;16_25;53;48;5;45;8;45;8;2010
AT334;70601;Faggen;26_45;117;109;8;106;11;106;11;2010
AT334;70601;Faggen;46_65;65;63;2;61;4;61;4;2010
AT334;70601;Faggen;65_00;38;37;1;35;3;35;3;2010
AT334;70602;Fendels;0_15;42;42;0;40;2;40;2;2010
AT334;70602;Fendels;16_25;61;50;11;47;14;47;14;2010
AT334;70602;Fendels;26_45;66;59;7;57;9;57;9;2010
AT334;70602;Fendels;46_65;63;59;4;58;5;58;5;2010
AT334;70602;Fendels;65_00;31;29;2;28;3;28;3;2010
AT334;70603;Fiss;0_15;176;166;10;168;8;160;16;2010
AT334;70603;Fiss;16_25;170;123;47;119;51;117;53;2010
AT334;70603;Fiss;26_45;335;254;81;253;82;252;83;2010
AT334;70603;Fiss;46_65;208;186;22;183;25;183;25;2010
AT334;70603;Fiss;65_00;115;113;2;111;4;111;4;2010
AT334;70604;Fließ;0_15;525;514;11;521;4;513;12;2010
AT334;70604;Fließ;16_25;468;459;9;454;14;453;15;2010
AT334;70604;Fließ;26_45;804;768;36;765;39;762;42;2010
AT334;70604;Fließ;46_65;721;692;29;682;39;681;40;2010
AT334;70604;Fließ;65_00;392;386;6;372;20;370;22;2010
AT334;70605;Flirsch;0_15;148;132;16;138;10;130;18;2010
AT334;70605;Flirsch;16_25;155;138;17;138;17;137;18;2010
AT334;70605;Flirsch;26_45;257;209;48;204;53;202;55;2010
AT334;70605;Flirsch;46_65;242;225;17;221;21;220;22;2010
AT334;70605;Flirsch;65_00;173;173;0;166;7;166;7;2010
AT334;70606;Galtür;0_15;148;142;6;145;3;140;8;2010
AT334;70606;Galtür;16_25;122;104;18;104;18;104;18;2010
AT334;70606;Galtür;26_45;287;217;70;216;71;215;72;2010
AT334;70606;Galtür;46_65;213;171;42;171;42;171;42;2010
AT334;70606;Galtür;65_00;111;111;0;110;1;110;1;2010
AT334;70607;Grins;0_15;275;270;5;270;5;266;9;2010
AT334;70607;Grins;16_25;180;174;6;172;8;172;8;2010
AT334;70607;Grins;26_45;395;374;21;375;20;371;24;2010
AT334;70607;Grins;46_65;322;307;15;299;23;298;24;2010
AT334;70607;Grins;65_00;208;206;2;197;11;197;11;2010
AT334;70608;Ischgl;0_15;312;306;6;303;9;298;14;2010
AT334;70608;Ischgl;16_25;211;204;7;200;11;200;11;2010
AT334;70608;Ischgl;26_45;510;457;53;453;57;450;60;2010
AT334;70608;Ischgl;46_65;401;349;52;346;55;344;57;2010
AT334;70608;Ischgl;65_00;165;164;1;160;5;159;6;2010
AT334;70609;Kappl;0_15;520;517;3;516;4;514;6;2010
AT334;70609;Kappl;16_25;381;376;5;374;7;374;7;2010
AT334;70609;Kappl;26_45;746;717;29;714;32;713;33;2010
AT334;70609;Kappl;46_65;645;623;22;617;28;614;31;2010
AT334;70609;Kappl;65_00;337;334;3;331;6;331;6;2010
AT334;70610;Kaunerberg;0_15;67;67;0;67;0;67;0;2010
AT334;70610;Kaunerberg;16_25;57;56;1;56;1;56;1;2010
AT334;70610;Kaunerberg;26_45;125;120;5;119;6;119;6;2010
AT334;70610;Kaunerberg;46_65;86;84;2;82;4;82;4;2010
AT334;70610;Kaunerberg;65_00;43;43;0;41;2;41;2;2010
AT334;70611;Kaunertal;0_15;91;87;4;86;5;85;6;2010
AT334;70611;Kaunertal;16_25;112;98;14;98;14;98;14;2010
AT334;70611;Kaunertal;26_45;173;150;23;150;23;149;24;2010
AT334;70611;Kaunertal;46_65;144;135;9;131;13;131;13;2010
AT334;70611;Kaunertal;65_00;95;91;4;89;6;89;6;2010
AT334;70612;Kauns;0_15;91;90;1;90;1;90;1;2010
AT334;70612;Kauns;16_25;77;74;3;74;3;74;3;2010
AT334;70612;Kauns;26_45;150;146;4;146;4;146;4;2010
AT334;70612;Kauns;46_65;92;87;5;85;7;85;7;2010
AT334;70612;Kauns;65_00;70;70;0;67;3;67;3;2010
AT334;70613;Ladis;0_15;90;83;7;87;3;83;7;2010
AT334;70613;Ladis;16_25;80;77;3;76;4;76;4;2010
AT334;70613;Ladis;26_45;166;137;29;132;34;132;34;2010
AT334;70613;Ladis;46_65;133;127;6;121;12;121;12;2010
AT334;70613;Ladis;65_00;70;69;1;64;6;64;6;2010
AT334;70614;Landeck;0_15;1335;1172;163;1257;78;1146;189;2010
AT334;70614;Landeck;16_25;1058;902;156;876;182;846;212;2010
AT334;70614;Landeck;26_45;2172;1844;328;1677;495;1653;519;2010
AT334;70614;Landeck;46_65;1852;1645;207;1518;334;1518;334;2010
AT334;70614;Landeck;65_00;1296;1267;29;1153;143;1149;147;2010
AT334;70615;Nauders;0_15;261;245;16;252;9;240;21;2010
AT334;70615;Nauders;16_25;216;194;22;189;27;189;27;2010
AT334;70615;Nauders;26_45;451;373;78;363;88;361;90;2010
AT334;70615;Nauders;46_65;410;361;49;340;70;340;70;2010
AT334;70615;Nauders;65_00;199;195;4;176;23;176;23;2010
AT334;70616;Pettneu am Arlberg;0_15;244;218;26;232;12;215;29;2010
AT334;70616;Pettneu am Arlberg;16_25;215;191;24;190;25;187;28;2010
AT334;70616;Pettneu am Arlberg;26_45;457;403;54;394;63;391;66;2010
AT334;70616;Pettneu am Arlberg;46_65;358;325;33;318;40;317;41;2010
AT334;70616;Pettneu am Arlberg;65_00;210;204;6;194;16;194;16;2010
AT334;70617;Pfunds;0_15;441;412;29;419;22;403;38;2010
AT334;70617;Pfunds;16_25;346;329;17;322;24;320;26;2010
AT334;70617;Pfunds;26_45;782;687;95;667;115;664;118;2010
AT334;70617;Pfunds;46_65;625;570;55;539;86;538;87;2010
AT334;70617;Pfunds;65_00;341;335;6;314;27;314;27;2010
AT334;70618;Pians;0_15;137;122;15;130;7;118;19;2010
AT334;70618;Pians;16_25;111;99;12;97;14;96;15;2010
AT334;70618;Pians;26_45;217;184;33;177;40;176;41;2010
AT334;70618;Pians;46_65;210;201;9;197;13;196;14;2010
AT334;70618;Pians;65_00;117;115;2;110;7;109;8;2010
AT334;70619;Prutz;0_15;333;286;47;309;24;279;54;2010
AT334;70619;Prutz;16_25;223;193;30;185;38;181;42;2010
AT334;70619;Prutz;26_45;518;422;96;389;129;387;131;2010
AT334;70619;Prutz;46_65;441;395;46;374;67;373;68;2010
AT334;70619;Prutz;65_00;216;209;7;201;15;199;17;2010
AT334;70620;Ried im Oberinntal;0_15;208;192;16;204;4;190;18;2010
AT334;70620;Ried im Oberinntal;16_25;178;161;17;162;16;158;20;2010
AT334;70620;Ried im Oberinntal;26_45;371;319;52;307;64;307;64;2010
AT334;70620;Ried im Oberinntal;46_65;306;282;24;270;36;270;36;2010
AT334;70620;Ried im Oberinntal;65_00;184;180;4;167;17;166;18;2010
AT334;70621;St.Anton am Arlberg;0_15;390;337;53;349;41;312;78;2010
AT334;70621;St.Anton am Arlberg;16_25;287;263;24;253;34;250;37;2010
AT334;70621;St.Anton am Arlberg;26_45;740;590;150;555;185;554;186;2010
AT334;70621;St.Anton am Arlberg;46_65;721;589;132;565;156;564;157;2010
AT334;70621;St.Anton am Arlberg;65_00;410;388;22;365;45;363;47;2010
AT334;70622;Schönwies;0_15;317;307;10;311;6;305;12;2010
AT334;70622;Schönwies;16_25;247;233;14;227;20;226;21;2010
AT334;70622;Schönwies;26_45;483;448;35;427;56;427;56;2010
AT334;70622;Schönwies;46_65;383;368;15;355;28;355;28;2010
AT334;70622;Schönwies;65_00;254;249;5;240;14;240;14;2010
AT334;70623;See;0_15;247;243;4;242;5;241;6;2010
AT334;70623;See;16_25;189;185;4;188;1;184;5;2010
AT334;70623;See;26_45;350;335;15;333;17;333;17;2010
AT334;70623;See;46_65;243;229;14;227;16;227;16;2010
AT334;70623;See;65_00;140;137;3;134;6;134;6;2010
AT334;70624;Serfaus;0_15;173;166;7;168;5;162;11;2010
AT334;70624;Serfaus;16_25;153;151;2;150;3;150;3;2010
AT334;70624;Serfaus;26_45;328;296;32;295;33;295;33;2010
AT334;70624;Serfaus;46_65;278;254;24;248;30;247;31;2010
AT334;70624;Serfaus;65_00;145;142;3;134;11;134;11;2010
AT334;70625;Spiss;0_15;23;19;4;20;3;19;4;2010
AT334;70625;Spiss;16_25;23;21;2;18;5;18;5;2010
AT334;70625;Spiss;26_45;48;37;11;37;11;37;11;2010
AT334;70625;Spiss;46_65;33;28;5;24;9;24;9;2010
AT334;70625;Spiss;65_00;17;17;0;16;1;16;1;2010
AT334;70626;Stanz bei Landeck;0_15;117;115;2;115;2;114;3;2010
AT334;70626;Stanz bei Landeck;16_25;80;80;0;80;0;80;0;2010
AT334;70626;Stanz bei Landeck;26_45;170;166;4;164;6;164;6;2010
AT334;70626;Stanz bei Landeck;46_65;159;159;0;157;2;157;2;2010
AT334;70626;Stanz bei Landeck;65_00;77;77;0;76;1;76;1;2010
AT334;70627;Strengen;0_15;229;222;7;224;5;221;8;2010
AT334;70627;Strengen;16_25;178;175;3;174;4;174;4;2010
AT334;70627;Strengen;26_45;337;325;12;324;13;324;13;2010
AT334;70627;Strengen;46_65;312;302;10;301;11;300;12;2010
AT334;70627;Strengen;65_00;164;164;0;160;4;160;4;2010
AT334;70628;Tobadill;0_15;77;75;2;75;2;75;2;2010
AT334;70628;Tobadill;16_25;69;66;3;63;6;63;6;2010
AT334;70628;Tobadill;26_45;142;136;6;136;6;136;6;2010
AT334;70628;Tobadill;46_65;142;134;8;133;9;133;9;2010
AT334;70628;Tobadill;65_00;78;77;1;73;5;73;5;2010
AT334;70629;Tösens;0_15;116;105;11;111;5;104;12;2010
AT334;70629;Tösens;16_25;112;111;1;110;2;110;2;2010
AT334;70629;Tösens;26_45;192;175;17;174;18;173;19;2010
AT334;70629;Tösens;46_65;161;153;8;147;14;147;14;2010
AT334;70629;Tösens;65_00;100;98;2;90;10;90;10;2010
AT334;70630;Zams;0_15;532;491;41;504;28;479;53;2010
AT334;70630;Zams;16_25;426;398;28;389;37;384;42;2010
AT334;70630;Zams;26_45;876;794;82;755;121;755;121;2010
AT334;70630;Zams;46_65;834;795;39;755;79;755;79;2010
AT334;70630;Zams;65_00;610;596;14;535;75;534;76;2010
AT333;70701;Abfaltersbach;0_15;156;153;3;150;6;150;6;2010
AT333;70701;Abfaltersbach;16_25;73;72;1;69;4;69;4;2010
AT333;70701;Abfaltersbach;26_45;184;173;11;173;11;172;12;2010
AT333;70701;Abfaltersbach;46_65;151;147;4;144;7;144;7;2010
AT333;70701;Abfaltersbach;65_00;88;88;0;87;1;87;1;2010
AT333;70702;Ainet;0_15;166;165;1;164;2;163;3;2010
AT333;70702;Ainet;16_25;121;120;1;120;1;120;1;2010
AT333;70702;Ainet;26_45;252;248;4;246;6;245;7;2010
AT333;70702;Ainet;46_65;241;232;9;229;12;229;12;2010
AT333;70702;Ainet;65_00;155;155;0;140;15;140;15;2010
AT333;70703;Amlach;0_15;67;67;0;66;1;66;1;2010
AT333;70703;Amlach;16_25;43;42;1;42;1;42;1;2010
AT333;70703;Amlach;26_45;115;110;5;107;8;107;8;2010
AT333;70703;Amlach;46_65;81;77;4;76;5;76;5;2010
AT333;70703;Amlach;65_00;59;57;2;54;5;54;5;2010
AT333;70704;Anras;0_15;250;249;1;245;5;245;5;2010
AT333;70704;Anras;16_25;189;189;0;187;2;187;2;2010
AT333;70704;Anras;26_45;355;350;5;350;5;350;5;2010
AT333;70704;Anras;46_65;315;305;10;301;14;301;14;2010
AT333;70704;Anras;65_00;186;185;1;183;3;183;3;2010
AT333;70705;Assling;0_15;339;334;5;333;6;330;9;2010
AT333;70705;Assling;16_25;218;217;1;213;5;213;5;2010
AT333;70705;Assling;26_45;513;499;14;494;19;494;19;2010
AT333;70705;Assling;46_65;448;440;8;436;12;436;12;2010
AT333;70705;Assling;65_00;375;369;6;363;12;362;13;2010
AT333;70706;Außervillgraten;0_15;144;142;2;141;3;141;3;2010
AT333;70706;Außervillgraten;16_25;93;93;0;92;1;92;1;2010
AT333;70706;Außervillgraten;26_45;216;213;3;212;4;212;4;2010
AT333;70706;Außervillgraten;46_65;210;210;0;207;3;207;3;2010
AT333;70706;Außervillgraten;65_00;141;141;0;140;1;140;1;2010
AT333;70707;Dölsach;0_15;424;407;17;412;12;402;22;2010
AT333;70707;Dölsach;16_25;287;277;10;279;8;275;12;2010
AT333;70707;Dölsach;26_45;664;623;41;618;46;615;49;2010
AT333;70707;Dölsach;46_65;583;552;31;538;45;537;46;2010
AT333;70707;Dölsach;65_00;334;324;10;307;27;306;28;2010
AT333;70708;Gaimberg;0_15;135;130;5;132;3;129;6;2010
AT333;70708;Gaimberg;16_25;108;108;0;105;3;105;3;2010
AT333;70708;Gaimberg;26_45;233;229;4;228;5;228;5;2010
AT333;70708;Gaimberg;46_65;231;225;6;221;10;221;10;2010
AT333;70708;Gaimberg;65_00;137;131;6;128;9;128;9;2010
AT333;70709;Hopfgarten/Defereggen;0_15;116;116;0;116;0;116;0;2010
AT333;70709;Hopfgarten/Defereggen;16_25;99;98;1;97;2;97;2;2010
AT333;70709;Hopfgarten/Defereggen;26_45;210;204;6;201;9;201;9;2010
AT333;70709;Hopfgarten/Defereggen;46_65;162;154;8;152;10;152;10;2010
AT333;70709;Hopfgarten/Defereggen;65_00;173;173;0;171;2;171;2;2010
AT333;70710;Innervillgraten;0_15;242;242;0;241;1;241;1;2010
AT333;70710;Innervillgraten;16_25;123;123;0;120;3;120;3;2010
AT333;70710;Innervillgraten;26_45;258;254;4;251;7;251;7;2010
AT333;70710;Innervillgraten;46_65;214;206;8;203;11;203;11;2010
AT333;70710;Innervillgraten;65_00;150;150;0;148;2;148;2;2010
AT333;70711;Iselsberg-Stronach;0_15;92;92;0;92;0;92;0;2010
AT333;70711;Iselsberg-Stronach;16_25;77;76;1;73;4;73;4;2010
AT333;70711;Iselsberg-Stronach;26_45;166;162;4;162;4;161;5;2010
AT333;70711;Iselsberg-Stronach;46_65;169;160;9;157;12;157;12;2010
AT333;70711;Iselsberg-Stronach;65_00;95;89;6;86;9;86;9;2010
AT333;70712;Kals am Großglockner;0_15;219;217;2;210;9;208;11;2010
AT333;70712;Kals am Großglockner;16_25;181;177;4;177;4;175;6;2010
AT333;70712;Kals am Großglockner;26_45;361;347;14;345;16;345;16;2010
AT333;70712;Kals am Großglockner;46_65;295;275;20;270;25;270;25;2010
AT333;70712;Kals am Großglockner;65_00;184;181;3;173;11;173;11;2010
AT333;70713;Kartitsch;0_15;134;133;1;131;3;131;3;2010
AT333;70713;Kartitsch;16_25;110;110;0;110;0;110;0;2010
AT333;70713;Kartitsch;26_45;201;192;9;190;11;189;12;2010
AT333;70713;Kartitsch;46_65;204;199;5;198;6;197;7;2010
AT333;70713;Kartitsch;65_00;191;185;6;184;7;183;8;2010
AT333;70714;Lavant;0_15;56;55;1;56;0;55;1;2010
AT333;70714;Lavant;16_25;37;36;1;35;2;35;2;2010
AT333;70714;Lavant;26_45;95;93;2;93;2;93;2;2010
AT333;70714;Lavant;46_65;64;63;1;61;3;61;3;2010
AT333;70714;Lavant;65_00;36;36;0;36;0;36;0;2010
AT333;70715;Leisach;0_15;137;133;4;130;7;128;9;2010
AT333;70715;Leisach;16_25;94;91;3;90;4;90;4;2010
AT333;70715;Leisach;26_45;226;216;10;214;12;213;13;2010
AT333;70715;Leisach;46_65;210;203;7;202;8;202;8;2010
AT333;70715;Leisach;65_00;156;152;4;147;9;146;10;2010
AT333;70716;Lienz;0_15;1675;1532;143;1568;107;1481;194;2010
AT333;70716;Lienz;16_25;1403;1303;100;1270;133;1255;148;2010
AT333;70716;Lienz;26_45;3083;2806;277;2723;360;2712;371;2010
AT333;70716;Lienz;46_65;3407;3219;188;3138;269;3134;273;2010
AT333;70716;Lienz;65_00;2387;2317;70;2107;280;2095;292;2010
AT333;70717;Matrei in Osttirol;0_15;929;921;8;920;9;915;14;2010
AT333;70717;Matrei in Osttirol;16_25;642;635;7;627;15;627;15;2010
AT333;70717;Matrei in Osttirol;26_45;1351;1329;22;1317;34;1316;35;2010
AT333;70717;Matrei in Osttirol;46_65;1148;1106;42;1087;61;1087;61;2010
AT333;70717;Matrei in Osttirol;65_00;728;713;15;698;30;695;33;2010
AT333;70718;Nikolsdorf;0_15;174;171;3;168;6;168;6;2010
AT333;70718;Nikolsdorf;16_25;89;89;0;89;0;89;0;2010
AT333;70718;Nikolsdorf;26_45;268;258;10;255;13;255;13;2010
AT333;70718;Nikolsdorf;46_65;197;190;7;189;8;189;8;2010
AT333;70718;Nikolsdorf;65_00;166;164;2;156;10;156;10;2010
AT333;70719;Nußdorf-Debant;0_15;559;544;15;545;14;540;19;2010
AT333;70719;Nußdorf-Debant;16_25;421;412;9;408;13;408;13;2010
AT333;70719;Nußdorf-Debant;26_45;951;909;42;883;68;879;72;2010
AT333;70719;Nußdorf-Debant;46_65;854;829;25;809;45;809;45;2010
AT333;70719;Nußdorf-Debant;65_00;442;424;18;394;48;391;51;2010
AT333;70720;Oberlienz;0_15;244;244;0;242;2;242;2;2010
AT333;70720;Oberlienz;16_25;175;174;1;172;3;172;3;2010
AT333;70720;Oberlienz;26_45;408;398;10;392;16;391;17;2010
AT333;70720;Oberlienz;46_65;337;324;13;318;19;318;19;2010
AT333;70720;Oberlienz;65_00;239;234;5;226;13;225;14;2010
AT333;70721;Obertilliach;0_15;143;141;2;139;4;137;6;2010
AT333;70721;Obertilliach;16_25;95;94;1;94;1;94;1;2010
AT333;70721;Obertilliach;26_45;176;174;2;172;4;172;4;2010
AT333;70721;Obertilliach;46_65;175;169;6;168;7;168;7;2010
AT333;70721;Obertilliach;65_00;125;125;0;123;2;123;2;2010
AT333;70723;Prägraten;0_15;214;214;0;212;2;212;2;2010
AT333;70723;Prägraten;16_25;210;209;1;207;3;207;3;2010
AT333;70723;Prägraten;26_45;327;324;3;318;9;318;9;2010
AT333;70723;Prägraten;46_65;277;272;5;271;6;270;7;2010
AT333;70723;Prägraten;65_00;203;202;1;199;4;199;4;2010
AT333;70724;St.Jakob/Defereggen;0_15;154;148;6;153;1;148;6;2010
AT333;70724;St.Jakob/Defereggen;16_25;123;121;2;120;3;120;3;2010
AT333;70724;St.Jakob/Defereggen;26_45;247;231;16;228;19;228;19;2010
AT333;70724;St.Jakob/Defereggen;46_65;247;239;8;236;11;236;11;2010
AT333;70724;St.Jakob/Defereggen;65_00;163;161;2;156;7;156;7;2010
AT333;70725;St.Johann im Walde;0_15;55;55;0;55;0;55;0;2010
AT333;70725;St.Johann im Walde;16_25;40;40;0;40;0;40;0;2010
AT333;70725;St.Johann im Walde;26_45;90;85;5;84;6;84;6;2010
AT333;70725;St.Johann im Walde;46_65;68;66;2;66;2;66;2;2010
AT333;70725;St.Johann im Walde;65_00;43;41;2;40;3;39;4;2010
AT333;70726;St.Veit in Defereggen;0_15;154;151;3;149;5;148;6;2010
AT333;70726;St.Veit in Defereggen;16_25;84;83;1;83;1;83;1;2010
AT333;70726;St.Veit in Defereggen;26_45;221;215;6;215;6;215;6;2010
AT333;70726;St.Veit in Defereggen;46_65;158;153;5;152;6;151;7;2010
AT333;70726;St.Veit in Defereggen;65_00;125;123;2;119;6;119;6;2010
AT333;70727;Schlaiten;0_15;95;94;1;93;2;92;3;2010
AT333;70727;Schlaiten;16_25;54;54;0;53;1;53;1;2010
AT333;70727;Schlaiten;26_45;118;118;0;118;0;118;0;2010
AT333;70727;Schlaiten;46_65;131;125;6;124;7;124;7;2010
AT333;70727;Schlaiten;65_00;72;70;2;67;5;67;5;2010
AT333;70728;Sillian;0_15;371;364;7;347;24;347;24;2010
AT333;70728;Sillian;16_25;281;276;5;251;30;251;30;2010
AT333;70728;Sillian;26_45;528;499;29;489;39;487;41;2010
AT333;70728;Sillian;46_65;513;481;32;463;50;463;50;2010
AT333;70728;Sillian;65_00;380;373;7;351;29;351;29;2010
AT333;70729;Strassen;0_15;146;146;0;141;5;141;5;2010
AT333;70729;Strassen;16_25;137;136;1;128;9;128;9;2010
AT333;70729;Strassen;26_45;249;237;12;236;13;233;16;2010
AT333;70729;Strassen;46_65;189;182;7;175;14;175;14;2010
AT333;70729;Strassen;65_00;113;111;2;104;9;103;10;2010
AT333;70731;Thurn;0_15;108;107;1;107;1;107;1;2010
AT333;70731;Thurn;16_25;84;82;2;82;2;82;2;2010
AT333;70731;Thurn;26_45;174;171;3;171;3;171;3;2010
AT333;70731;Thurn;46_65;165;158;7;156;9;156;9;2010
AT333;70731;Thurn;65_00;105;102;3;96;9;96;9;2010
AT333;70732;Tristach;0_15;292;283;9;287;5;281;11;2010
AT333;70732;Tristach;16_25;110;107;3;105;5;105;5;2010
AT333;70732;Tristach;26_45;412;396;16;387;25;387;25;2010
AT333;70732;Tristach;46_65;357;346;11;338;19;338;19;2010
AT333;70732;Tristach;65_00;231;230;1;213;18;212;19;2010
AT333;70733;Untertilliach;0_15;46;40;6;43;3;40;6;2010
AT333;70733;Untertilliach;16_25;24;24;0;24;0;24;0;2010
AT333;70733;Untertilliach;26_45;85;79;6;78;7;78;7;2010
AT333;70733;Untertilliach;46_65;46;43;3;42;4;42;4;2010
AT333;70733;Untertilliach;65_00;51;51;0;50;1;50;1;2010
AT333;70734;Virgen;0_15;439;435;4;435;4;433;6;2010
AT333;70734;Virgen;16_25;334;331;3;329;5;328;6;2010
AT333;70734;Virgen;26_45;627;617;10;610;17;610;17;2010
AT333;70734;Virgen;46_65;509;494;15;490;19;490;19;2010
AT333;70734;Virgen;65_00;295;286;9;278;17;277;18;2010
AT333;70735;Heinfels;0_15;199;196;3;193;6;192;7;2010
AT333;70735;Heinfels;16_25;162;160;2;155;7;155;7;2010
AT333;70735;Heinfels;26_45;269;261;8;254;15;254;15;2010
AT333;70735;Heinfels;46_65;226;214;12;212;14;212;14;2010
AT333;70735;Heinfels;65_00;153;147;6;141;12;141;12;2010
AT331;70801;Bach;0_15;122;111;11;114;8;109;13;2010
AT331;70801;Bach;16_25;106;100;6;100;6;99;7;2010
AT331;70801;Bach;26_45;181;163;18;160;21;160;21;2010
AT331;70801;Bach;46_65;186;174;12;172;14;172;14;2010
AT331;70801;Bach;65_00;81;80;1;76;5;76;5;2010
AT331;70802;Berwang;0_15;90;79;11;84;6;77;13;2010
AT331;70802;Berwang;16_25;52;46;6;44;8;44;8;2010
AT331;70802;Berwang;26_45;172;150;22;145;27;145;27;2010
AT331;70802;Berwang;46_65;179;151;28;141;38;140;39;2010
AT331;70802;Berwang;65_00;101;93;8;85;16;85;16;2010
AT331;70803;Biberwier;0_15;108;89;19;100;8;88;20;2010
AT331;70803;Biberwier;16_25;81;63;18;62;19;59;22;2010
AT331;70803;Biberwier;26_45;174;139;35;132;42;131;43;2010
AT331;70803;Biberwier;46_65;179;153;26;152;27;150;29;2010
AT331;70803;Biberwier;65_00;102;93;9;89;13;89;13;2010
AT331;70804;Bichlbach;0_15;133;108;25;123;10;106;27;2010
AT331;70804;Bichlbach;16_25;89;81;8;80;9;77;12;2010
AT331;70804;Bichlbach;26_45;234;182;52;172;62;171;63;2010
AT331;70804;Bichlbach;46_65;203;177;26;168;35;168;35;2010
AT331;70804;Bichlbach;65_00;134;122;12;114;20;114;20;2010
AT331;70805;Breitenwang;0_15;228;207;21;211;17;198;30;2010
AT331;70805;Breitenwang;16_25;215;182;33;166;49;159;56;2010
AT331;70805;Breitenwang;26_45;409;336;73;310;99;307;102;2010
AT331;70805;Breitenwang;46_65;431;366;65;343;88;343;88;2010
AT331;70805;Breitenwang;65_00;238;229;9;198;40;198;40;2010
AT331;70806;Ehenbichl;0_15;118;102;16;111;7;100;18;2010
AT331;70806;Ehenbichl;16_25;92;77;15;72;20;70;22;2010
AT331;70806;Ehenbichl;26_45;221;181;40;175;46;170;51;2010
AT331;70806;Ehenbichl;46_65;220;200;20;188;32;188;32;2010
AT331;70806;Ehenbichl;65_00;173;160;13;143;30;141;32;2010
AT331;70807;Ehrwald;0_15;343;283;60;287;56;269;74;2010
AT331;70807;Ehrwald;16_25;249;218;31;208;41;206;43;2010
AT331;70807;Ehrwald;26_45;678;528;150;505;173;500;178;2010
AT331;70807;Ehrwald;46_65;797;615;182;575;222;572;225;2010
AT331;70807;Ehrwald;65_00;518;428;90;360;158;358;160;2010
AT331;70808;Elbigenalp;0_15;127;114;13;116;11;109;18;2010
AT331;70808;Elbigenalp;16_25;130;120;10;117;13;113;17;2010
AT331;70808;Elbigenalp;26_45;240;208;32;204;36;203;37;2010
AT331;70808;Elbigenalp;46_65;238;214;24;209;29;209;29;2010
AT331;70808;Elbigenalp;65_00;112;110;2;107;5;107;5;2010
AT331;70809;Elmen;0_15;55;50;5;53;2;50;5;2010
AT331;70809;Elmen;16_25;54;53;1;53;1;53;1;2010
AT331;70809;Elmen;26_45;94;83;11;84;10;82;12;2010
AT331;70809;Elmen;46_65;115;110;5;108;7;108;7;2010
AT331;70809;Elmen;65_00;68;65;3;62;6;61;7;2010
AT331;70810;Forchach;0_15;44;41;3;44;0;41;3;2010
AT331;70810;Forchach;16_25;41;34;7;29;12;26;15;2010
AT331;70810;Forchach;26_45;74;66;8;60;14;60;14;2010
AT331;70810;Forchach;46_65;83;72;11;68;15;68;15;2010
AT331;70810;Forchach;65_00;40;37;3;34;6;34;6;2010
AT331;70811;Grän;0_15;92;74;18;85;7;72;20;2010
AT331;70811;Grän;16_25;76;61;15;61;15;55;21;2010
AT331;70811;Grän;26_45;174;119;55;115;59;110;64;2010
AT331;70811;Grän;46_65;161;127;34;128;33;124;37;2010
AT331;70811;Grän;65_00;82;73;9;71;11;71;11;2010
AT331;70812;Gramais;0_15;11;11;0;10;1;10;1;2010
AT331;70812;Gramais;16_25;6;6;0;6;0;6;0;2010
AT331;70812;Gramais;26_45;14;14;0;13;1;13;1;2010
AT331;70812;Gramais;46_65;11;9;2;9;2;9;2;2010
AT331;70812;Gramais;65_00;11;10;1;10;1;10;1;2010
AT331;70813;Häselgehr;0_15;130;116;14;120;10;113;17;2010
AT331;70813;Häselgehr;16_25;82;73;9;72;10;70;12;2010
AT331;70813;Häselgehr;26_45;207;181;26;177;30;177;30;2010
AT331;70813;Häselgehr;46_65;164;152;12;149;15;149;15;2010
AT331;70813;Häselgehr;65_00;105;100;5;93;12;93;12;2010
AT331;70814;Heiterwang;0_15;76;73;3;74;2;73;3;2010
AT331;70814;Heiterwang;16_25;77;74;3;74;3;73;4;2010
AT331;70814;Heiterwang;26_45;142;136;6;129;13;129;13;2010
AT331;70814;Heiterwang;46_65;145;134;11;129;16;129;16;2010
AT331;70814;Heiterwang;65_00;79;73;6;67;12;67;12;2010
AT331;70815;Hinterhornbach;0_15;10;10;0;10;0;10;0;2010
AT331;70815;Hinterhornbach;16_25;11;10;1;8;3;8;3;2010
AT331;70815;Hinterhornbach;26_45;35;33;2;33;2;33;2;2010
AT331;70815;Hinterhornbach;46_65;25;24;1;24;1;24;1;2010
AT331;70815;Hinterhornbach;65_00;13;13;0;13;0;13;0;2010
AT331;70816;Höfen;0_15;207;194;13;200;7;193;14;2010
AT331;70816;Höfen;16_25;177;158;19;147;30;143;34;2010
AT331;70816;Höfen;26_45;370;324;46;311;59;308;62;2010
AT331;70816;Höfen;46_65;326;299;27;278;48;275;51;2010
AT331;70816;Höfen;65_00;206;195;11;172;34;172;34;2010
AT331;70817;Holzgau;0_15;88;80;8;87;1;80;8;2010
AT331;70817;Holzgau;16_25;55;51;4;50;5;49;6;2010
AT331;70817;Holzgau;26_45;125;108;17;106;19;105;20;2010
AT331;70817;Holzgau;46_65;95;92;3;87;8;87;8;2010
AT331;70817;Holzgau;65_00;68;63;5;61;7;61;7;2010
AT331;70818;Jungholz;0_15;43;19;24;4;39;2;41;2010
AT331;70818;Jungholz;16_25;43;22;21;0;43;0;43;2010
AT331;70818;Jungholz;26_45;81;28;53;7;74;7;74;2010
AT331;70818;Jungholz;46_65;86;33;53;14;72;14;72;2010
AT331;70818;Jungholz;65_00;56;39;17;28;28;26;30;2010
AT331;70819;Kaisers;0_15;14;14;0;14;0;14;0;2010
AT331;70819;Kaisers;16_25;10;9;1;9;1;9;1;2010
AT331;70819;Kaisers;26_45;24;22;2;22;2;22;2;2010
AT331;70819;Kaisers;46_65;16;15;1;15;1;15;1;2010
AT331;70819;Kaisers;65_00;10;10;0;10;0;10;0;2010
AT331;70820;Lechaschau;0_15;377;323;54;349;28;315;62;2010
AT331;70820;Lechaschau;16_25;220;191;29;177;43;168;52;2010
AT331;70820;Lechaschau;26_45;563;467;96;428;135;421;142;2010
AT331;70820;Lechaschau;46_65;530;458;72;422;108;422;108;2010
AT331;70820;Lechaschau;65_00;295;270;25;236;59;232;63;2010
AT331;70821;Lermoos;0_15;176;155;21;160;16;148;28;2010
AT331;70821;Lermoos;16_25;123;103;20;99;24;95;28;2010
AT331;70821;Lermoos;26_45;305;230;75;224;81;222;83;2010
AT331;70821;Lermoos;46_65;315;240;75;234;81;229;86;2010
AT331;70821;Lermoos;65_00;189;166;23;149;40;148;41;2010
AT331;70822;Musau;0_15;77;71;6;73;4;69;8;2010
AT331;70822;Musau;16_25;35;32;3;30;5;29;6;2010
AT331;70822;Musau;26_45;115;95;20;87;28;84;31;2010
AT331;70822;Musau;46_65;103;95;8;89;14;89;14;2010
AT331;70822;Musau;65_00;76;70;6;62;14;62;14;2010
AT331;70823;Namlos;0_15;8;8;0;8;0;8;0;2010
AT331;70823;Namlos;16_25;20;19;1;18;2;18;2;2010
AT331;70823;Namlos;26_45;18;14;4;14;4;14;4;2010
AT331;70823;Namlos;46_65;32;29;3;28;4;28;4;2010
AT331;70823;Namlos;65_00;15;15;0;15;0;15;0;2010
AT331;70824;Nesselwängle;0_15;59;53;6;57;2;52;7;2010
AT331;70824;Nesselwängle;16_25;46;44;2;43;3;43;3;2010
AT331;70824;Nesselwängle;26_45;126;112;14;109;17;107;19;2010
AT331;70824;Nesselwängle;46_65;125;110;15;100;25;100;25;2010
AT331;70824;Nesselwängle;65_00;64;62;2;57;7;57;7;2010
AT331;70825;Pfafflar;0_15;20;16;4;18;2;16;4;2010
AT331;70825;Pfafflar;16_25;19;19;0;19;0;19;0;2010
AT331;70825;Pfafflar;26_45;26;20;6;20;6;20;6;2010
AT331;70825;Pfafflar;46_65;27;24;3;23;4;23;4;2010
AT331;70825;Pfafflar;65_00;31;26;5;22;9;22;9;2010
AT331;70826;Pflach;0_15;212;185;27;197;15;176;36;2010
AT331;70826;Pflach;16_25;162;135;27;119;43;110;52;2010
AT331;70826;Pflach;26_45;367;288;79;257;110;251;116;2010
AT331;70826;Pflach;46_65;341;284;57;261;80;259;82;2010
AT331;70826;Pflach;65_00;169;154;15;144;25;140;29;2010
AT331;70827;Pinswang;0_15;76;57;19;52;24;47;29;2010
AT331;70827;Pinswang;16_25;48;41;7;34;14;34;14;2010
AT331;70827;Pinswang;26_45;100;87;13;66;34;66;34;2010
AT331;70827;Pinswang;46_65;135;119;16;111;24;111;24;2010
AT331;70827;Pinswang;65_00;55;51;4;38;17;37;18;2010
AT331;70828;Reutte;0_15;977;762;215;898;79;738;239;2010
AT331;70828;Reutte;16_25;730;558;172;531;199;477;253;2010
AT331;70828;Reutte;26_45;1696;1250;446;1079;617;1032;664;2010
AT331;70828;Reutte;46_65;1556;1253;303;1109;447;1105;451;2010
AT331;70828;Reutte;65_00;953;893;60;755;198;752;201;2010
AT331;70829;Schattwald;0_15;67;62;5;62;5;59;8;2010
AT331;70829;Schattwald;16_25;62;52;10;31;31;31;31;2010
AT331;70829;Schattwald;26_45;127;105;22;88;39;87;40;2010
AT331;70829;Schattwald;46_65;102;82;20;71;31;71;31;2010
AT331;70829;Schattwald;65_00;66;59;7;54;12;53;13;2010
AT331;70830;Stanzach;0_15;54;52;2;53;1;51;3;2010
AT331;70830;Stanzach;16_25;50;45;5;44;6;44;6;2010
AT331;70830;Stanzach;26_45;115;104;11;97;18;95;20;2010
AT331;70830;Stanzach;46_65;124;115;9;108;16;106;18;2010
AT331;70830;Stanzach;65_00;71;68;3;60;11;59;12;2010
AT331;70831;Steeg;0_15;153;152;1;153;0;152;1;2010
AT331;70831;Steeg;16_25;96;95;1;94;2;94;2;2010
AT331;70831;Steeg;26_45;213;203;10;201;12;201;12;2010
AT331;70831;Steeg;46_65;163;154;9;151;12;151;12;2010
AT331;70831;Steeg;65_00;87;86;1;78;9;78;9;2010
AT331;70832;Tannheim;0_15;180;142;38;157;23;131;49;2010
AT331;70832;Tannheim;16_25;128;110;18;92;36;87;41;2010
AT331;70832;Tannheim;26_45;321;241;80;211;110;208;113;2010
AT331;70832;Tannheim;46_65;281;227;54;213;68;212;69;2010
AT331;70832;Tannheim;65_00;142;128;14;120;22;119;23;2010
AT331;70833;Vils;0_15;241;212;29;179;62;174;67;2010
AT331;70833;Vils;16_25;183;165;18;114;69;113;70;2010
AT331;70833;Vils;26_45;406;320;86;284;122;278;128;2010
AT331;70833;Vils;46_65;417;340;77;307;110;304;113;2010
AT331;70833;Vils;65_00;267;247;20;211;56;209;58;2010
AT331;70834;Vorderhornbach;0_15;28;28;0;27;1;27;1;2010
AT331;70834;Vorderhornbach;16_25;38;37;1;36;2;36;2;2010
AT331;70834;Vorderhornbach;26_45;75;71;4;70;5;70;5;2010
AT331;70834;Vorderhornbach;46_65;87;82;5;80;7;80;7;2010
AT331;70834;Vorderhornbach;65_00;34;30;4;28;6;28;6;2010
AT331;70835;Wängle;0_15;139;125;14;126;13;123;16;2010
AT331;70835;Wängle;16_25;101;92;9;88;13;85;16;2010
AT331;70835;Wängle;26_45;228;202;26;190;38;188;40;2010
AT331;70835;Wängle;46_65;239;205;34;199;40;199;40;2010
AT331;70835;Wängle;65_00;146;138;8;122;24;122;24;2010
AT331;70836;Weißenbach am Lech;0_15;196;180;16;186;10;174;22;2010
AT331;70836;Weißenbach am Lech;16_25;180;167;13;151;29;149;31;2010
AT331;70836;Weißenbach am Lech;26_45;378;333;45;319;59;315;63;2010
AT331;70836;Weißenbach am Lech;46_65;355;318;37;310;45;307;48;2010
AT331;70836;Weißenbach am Lech;65_00;198;185;13;172;26;169;29;2010
AT331;70837;Zöblen;0_15;36;33;3;33;3;31;5;2010
AT331;70837;Zöblen;16_25;27;24;3;17;10;17;10;2010
AT331;70837;Zöblen;26_45;81;64;17;60;21;60;21;2010
AT331;70837;Zöblen;46_65;51;46;5;44;7;44;7;2010
AT331;70837;Zöblen;65_00;51;49;2;47;4;46;5;2010
AT335;70901;Achenkirch;0_15;345;293;52;313;32;289;56;2010
AT335;70901;Achenkirch;16_25;262;230;32;220;42;218;44;2010
AT335;70901;Achenkirch;26_45;601;473;128;453;148;449;152;2010
AT335;70901;Achenkirch;46_65;608;519;89;499;109;494;114;2010
AT335;70901;Achenkirch;65_00;346;319;27;278;68;276;70;2010
AT335;70902;Aschau im Zillertal;0_15;284;270;14;277;7;267;17;2010
AT335;70902;Aschau im Zillertal;16_25;233;222;11;218;15;218;15;2010
AT335;70902;Aschau im Zillertal;26_45;510;476;34;475;35;472;38;2010
AT335;70902;Aschau im Zillertal;46_65;397;373;24;365;32;365;32;2010
AT335;70902;Aschau im Zillertal;65_00;189;179;10;170;19;170;19;2010
AT335;70903;Brandberg;0_15;67;67;0;67;0;67;0;2010
AT335;70903;Brandberg;16_25;51;51;0;51;0;51;0;2010
AT335;70903;Brandberg;26_45;87;85;2;85;2;85;2;2010
AT335;70903;Brandberg;46_65;85;84;1;83;2;83;2;2010
AT335;70903;Brandberg;65_00;58;57;1;53;5;53;5;2010
AT335;70904;Bruck am Ziller;0_15;200;199;1;198;2;198;2;2010
AT335;70904;Bruck am Ziller;16_25;85;80;5;77;8;77;8;2010
AT335;70904;Bruck am Ziller;26_45;309;295;14;293;16;293;16;2010
AT335;70904;Bruck am Ziller;46_65;261;256;5;250;11;250;11;2010
AT335;70904;Bruck am Ziller;65_00;138;136;2;133;5;133;5;2010
AT335;70905;Buch bei Jenbach;0_15;467;455;12;464;3;454;13;2010
AT335;70905;Buch bei Jenbach;16_25;293;281;12;274;19;271;22;2010
AT335;70905;Buch bei Jenbach;26_45;779;712;67;679;100;677;102;2010
AT335;70905;Buch bei Jenbach;46_65;674;642;32;599;75;598;76;2010
AT335;70905;Buch bei Jenbach;65_00;355;346;9;309;46;309;46;2010
AT335;70907;Eben am Achensee;0_15;425;364;61;399;26;358;67;2010
AT335;70907;Eben am Achensee;16_25;334;274;60;273;61;265;69;2010
AT335;70907;Eben am Achensee;26_45;814;646;168;623;191;617;197;2010
AT335;70907;Eben am Achensee;46_65;851;680;171;640;211;638;213;2010
AT335;70907;Eben am Achensee;65_00;396;353;43;321;75;317;79;2010
AT335;70908;Finkenberg;0_15;238;231;7;226;12;225;13;2010
AT335;70908;Finkenberg;16_25;194;182;12;180;14;179;15;2010
AT335;70908;Finkenberg;26_45;422;364;58;356;66;356;66;2010
AT335;70908;Finkenberg;46_65;413;371;42;358;55;358;55;2010
AT335;70908;Finkenberg;65_00;253;249;4;237;16;237;16;2010
AT335;70909;Fügen;0_15;665;554;111;631;34;549;116;2010
AT335;70909;Fügen;16_25;483;394;89;400;83;381;102;2010
AT335;70909;Fügen;26_45;1206;934;272;902;304;897;309;2010
AT335;70909;Fügen;46_65;953;820;133;780;173;778;175;2010
AT335;70909;Fügen;65_00;496;480;16;447;49;445;51;2010
AT335;70910;Fügenberg;0_15;287;274;13;282;5;272;15;2010
AT335;70910;Fügenberg;16_25;162;158;4;157;5;156;6;2010
AT335;70910;Fügenberg;26_45;412;374;38;370;42;369;43;2010
AT335;70910;Fügenberg;46_65;323;301;22;295;28;295;28;2010
AT335;70910;Fügenberg;65_00;165;161;4;156;9;156;9;2010
AT335;70911;Gallzein;0_15;118;117;1;118;0;117;1;2010
AT335;70911;Gallzein;16_25;57;56;1;56;1;56;1;2010
AT335;70911;Gallzein;26_45;178;167;11;166;12;166;12;2010
AT335;70911;Gallzein;46_65;149;142;7;142;7;141;8;2010
AT335;70911;Gallzein;65_00;60;54;6;53;7;53;7;2010
AT335;70912;Gerlos;0_15;132;120;12;130;2;120;12;2010
AT335;70912;Gerlos;16_25;93;89;4;88;5;87;6;2010
AT335;70912;Gerlos;26_45;232;199;33;194;38;194;38;2010
AT335;70912;Gerlos;46_65;192;180;12;176;16;176;16;2010
AT335;70912;Gerlos;65_00;135;133;2;126;9;126;9;2010
AT335;70913;Gerlosberg;0_15;106;104;2;104;2;103;3;2010
AT335;70913;Gerlosberg;16_25;63;63;0;63;0;63;0;2010
AT335;70913;Gerlosberg;26_45;155;150;5;150;5;150;5;2010
AT335;70913;Gerlosberg;46_65;97;97;0;95;2;95;2;2010
AT335;70913;Gerlosberg;65_00;48;46;2;45;3;45;3;2010
AT335;70914;Hainzenberg;0_15;134;132;2;131;3;130;4;2010
AT335;70914;Hainzenberg;16_25;92;88;4;88;4;88;4;2010
AT335;70914;Hainzenberg;26_45;193;179;14;180;13;179;14;2010
AT335;70914;Hainzenberg;46_65;176;159;17;158;18;157;19;2010
AT335;70914;Hainzenberg;65_00;83;77;6;75;8;75;8;2010
AT335;70915;Hart im Zillertal;0_15;280;267;13;273;7;266;14;2010
AT335;70915;Hart im Zillertal;16_25;208;198;10;198;10;198;10;2010
AT335;70915;Hart im Zillertal;26_45;464;417;47;410;54;409;55;2010
AT335;70915;Hart im Zillertal;46_65;342;320;22;317;25;317;25;2010
AT335;70915;Hart im Zillertal;65_00;190;183;7;177;13;176;14;2010
AT335;70916;Hippach;0_15;253;248;5;246;7;246;7;2010
AT335;70916;Hippach;16_25;188;179;9;179;9;178;10;2010
AT335;70916;Hippach;26_45;368;344;24;343;25;342;26;2010
AT335;70916;Hippach;46_65;368;342;26;339;29;339;29;2010
AT335;70916;Hippach;65_00;194;186;8;181;13;180;14;2010
AT335;70917;Jenbach;0_15;1137;998;139;1089;48;983;154;2010
AT335;70917;Jenbach;16_25;931;788;143;771;160;734;197;2010
AT335;70917;Jenbach;26_45;1942;1546;396;1350;592;1330;612;2010
AT335;70917;Jenbach;46_65;1822;1537;285;1366;456;1358;464;2010
AT335;70917;Jenbach;65_00;1035;989;46;813;222;809;226;2010
AT335;70918;Kaltenbach;0_15;235;208;27;219;16;206;29;2010
AT335;70918;Kaltenbach;16_25;152;128;24;129;23;125;27;2010
AT335;70918;Kaltenbach;26_45;373;310;63;293;80;291;82;2010
AT335;70918;Kaltenbach;46_65;310;265;45;248;62;248;62;2010
AT335;70918;Kaltenbach;65_00;155;147;8;143;12;142;13;2010
AT335;70920;Mayrhofen;0_15;671;548;123;629;42;535;136;2010
AT335;70920;Mayrhofen;16_25;481;397;84;403;78;389;92;2010
AT335;70920;Mayrhofen;26_45;1103;822;281;785;318;779;324;2010
AT335;70920;Mayrhofen;46_65;1036;844;192;817;219;814;222;2010
AT335;70920;Mayrhofen;65_00;542;512;30;470;72;468;74;2010
AT335;70921;Pill;0_15;173;164;9;167;6;161;12;2010
AT335;70921;Pill;16_25;155;152;3;152;3;151;4;2010
AT335;70921;Pill;26_45;303;293;10;282;21;282;21;2010
AT335;70921;Pill;46_65;292;275;17;270;22;270;22;2010
AT335;70921;Pill;65_00;136;131;5;118;18;118;18;2010
AT335;70922;Ramsau im Zillertal;0_15;295;272;23;290;5;272;23;2010
AT335;70922;Ramsau im Zillertal;16_25;223;199;24;202;21;196;27;2010
AT335;70922;Ramsau im Zillertal;26_45;488;448;40;442;46;441;47;2010
AT335;70922;Ramsau im Zillertal;46_65;394;355;39;345;49;344;50;2010
AT335;70922;Ramsau im Zillertal;65_00;182;175;7;168;14;167;15;2010
AT335;70923;Ried im Zillertal;0_15;217;198;19;208;9;196;21;2010
AT335;70923;Ried im Zillertal;16_25;157;141;16;142;15;140;17;2010
AT335;70923;Ried im Zillertal;26_45;425;364;61;347;78;347;78;2010
AT335;70923;Ried im Zillertal;46_65;296;270;26;261;35;261;35;2010
AT335;70923;Ried im Zillertal;65_00;137;132;5;127;10;126;11;2010
AT335;70924;Rohrberg;0_15;137;135;2;135;2;135;2;2010
AT335;70924;Rohrberg;16_25;69;63;6;63;6;63;6;2010
AT335;70924;Rohrberg;26_45;169;159;10;159;10;159;10;2010
AT335;70924;Rohrberg;46_65;113;107;6;107;6;107;6;2010
AT335;70924;Rohrberg;65_00;48;48;0;48;0;48;0;2010
AT335;70925;Schlitters;0_15;278;252;26;260;18;248;30;2010
AT335;70925;Schlitters;16_25;167;148;19;138;29;136;31;2010
AT335;70925;Schlitters;26_45;463;397;66;374;89;374;89;2010
AT335;70925;Schlitters;46_65;315;274;41;265;50;265;50;2010
AT335;70925;Schlitters;65_00;177;173;4;169;8;169;8;2010
AT335;70926;Schwaz;0_15;2149;1934;215;2046;103;1901;248;2010
AT335;70926;Schwaz;16_25;1764;1552;212;1477;287;1438;326;2010
AT335;70926;Schwaz;26_45;3672;3097;575;2752;920;2713;959;2010
AT335;70926;Schwaz;46_65;3404;3033;371;2782;622;2776;628;2010
AT335;70926;Schwaz;65_00;2006;1925;81;1778;228;1768;238;2010
AT335;70927;Schwendau;0_15;309;287;22;296;13;282;27;2010
AT335;70927;Schwendau;16_25;206;169;37;166;40;165;41;2010
AT335;70927;Schwendau;26_45;514;457;57;451;63;450;64;2010
AT335;70927;Schwendau;46_65;363;336;27;326;37;326;37;2010
AT335;70927;Schwendau;65_00;201;195;6;186;15;186;15;2010
AT335;70928;Stans;0_15;289;274;15;282;7;273;16;2010
AT335;70928;Stans;16_25;288;261;27;261;27;255;33;2010
AT335;70928;Stans;26_45;534;478;56;463;71;463;71;2010
AT335;70928;Stans;46_65;517;491;26;468;49;468;49;2010
AT335;70928;Stans;65_00;292;287;5;268;24;267;25;2010
AT335;70929;Steinberg am Rofan;0_15;40;39;1;32;8;32;8;2010
AT335;70929;Steinberg am Rofan;16_25;29;28;1;27;2;27;2;2010
AT335;70929;Steinberg am Rofan;26_45;83;72;11;67;16;67;16;2010
AT335;70929;Steinberg am Rofan;46_65;69;50;19;45;24;45;24;2010
AT335;70929;Steinberg am Rofan;65_00;76;66;10;61;15;61;15;2010
AT335;70930;Strass im Zillertal;0_15;155;143;12;149;6;143;12;2010
AT335;70930;Strass im Zillertal;16_25;109;101;8;99;10;98;11;2010
AT335;70930;Strass im Zillertal;26_45;246;223;23;216;30;216;30;2010
AT335;70930;Strass im Zillertal;46_65;211;192;19;185;26;185;26;2010
AT335;70930;Strass im Zillertal;65_00;125;123;2;116;9;115;10;2010
AT335;70931;Stumm;0_15;314;280;34;302;12;278;36;2010
AT335;70931;Stumm;16_25;237;218;19;216;21;215;22;2010
AT335;70931;Stumm;26_45;540;483;57;476;64;476;64;2010
AT335;70931;Stumm;46_65;461;423;38;417;44;417;44;2010
AT335;70931;Stumm;65_00;274;257;17;248;26;246;28;2010
AT335;70932;Stummerberg;0_15;156;155;1;156;0;155;1;2010
AT335;70932;Stummerberg;16_25;115;113;2;113;2;113;2;2010
AT335;70932;Stummerberg;26_45;231;221;10;221;10;221;10;2010
AT335;70932;Stummerberg;46_65;196;188;8;186;10;186;10;2010
AT335;70932;Stummerberg;65_00;128;125;3;122;6;122;6;2010
AT335;70933;Terfens;0_15;371;351;20;362;9;345;26;2010
AT335;70933;Terfens;16_25;295;279;16;271;24;270;25;2010
AT335;70933;Terfens;26_45;611;559;52;552;59;550;61;2010
AT335;70933;Terfens;46_65;514;490;24;476;38;473;41;2010
AT335;70933;Terfens;65_00;266;260;6;237;29;236;30;2010
AT335;70934;Tux;0_15;297;277;20;289;8;276;21;2010
AT335;70934;Tux;16_25;266;235;31;235;31;233;33;2010
AT335;70934;Tux;26_45;555;468;87;468;87;467;88;2010
AT335;70934;Tux;46_65;496;444;52;439;57;439;57;2010
AT335;70934;Tux;65_00;288;285;3;276;12;276;12;2010
AT335;70935;Uderns;0_15;311;294;17;301;10;291;20;2010
AT335;70935;Uderns;16_25;222;208;14;206;16;203;19;2010
AT335;70935;Uderns;26_45;518;466;52;449;69;449;69;2010
AT335;70935;Uderns;46_65;419;390;29;377;42;377;42;2010
AT335;70935;Uderns;65_00;182;175;7;166;16;166;16;2010
AT335;70936;Vomp;0_15;833;771;62;797;36;754;79;2010
AT335;70936;Vomp;16_25;564;510;54;491;73;485;79;2010
AT335;70936;Vomp;26_45;1317;1147;170;1062;255;1054;263;2010
AT335;70936;Vomp;46_65;1224;1103;121;1017;207;1016;208;2010
AT335;70936;Vomp;65_00;700;659;41;582;118;582;118;2010
AT335;70937;Weer;0_15;268;244;24;251;17;238;30;2010
AT335;70937;Weer;16_25;197;184;13;177;20;177;20;2010
AT335;70937;Weer;26_45;480;423;57;413;67;412;68;2010
AT335;70937;Weer;46_65;367;341;26;330;37;330;37;2010
AT335;70937;Weer;65_00;232;224;8;206;26;205;27;2010
AT335;70938;Weerberg;0_15;429;415;14;422;7;413;16;2010
AT335;70938;Weerberg;16_25;318;312;6;310;8;310;8;2010
AT335;70938;Weerberg;26_45;719;673;46;669;50;666;53;2010
AT335;70938;Weerberg;46_65;578;561;17;551;27;550;28;2010
AT335;70938;Weerberg;65_00;276;265;11;260;16;259;17;2010
AT335;70939;Wiesing;0_15;374;354;20;362;12;350;24;2010
AT335;70939;Wiesing;16_25;228;217;11;211;17;210;18;2010
AT335;70939;Wiesing;26_45;611;546;65;531;80;530;81;2010
AT335;70939;Wiesing;46_65;491;459;32;443;48;442;49;2010
AT335;70939;Wiesing;65_00;304;296;8;270;34;270;34;2010
AT335;70940;Zell am Ziller;0_15;253;217;36;248;5;216;37;2010
AT335;70940;Zell am Ziller;16_25;228;200;28;207;21;198;30;2010
AT335;70940;Zell am Ziller;26_45;448;376;72;365;83;363;85;2010
AT335;70940;Zell am Ziller;46_65;448;402;46;393;55;391;57;2010
AT335;70940;Zell am Ziller;65_00;345;330;15;303;42;302;43;2010
AT335;70941;Zellberg;0_15;100;98;2;99;1;98;2;2010
AT335;70941;Zellberg;16_25;109;103;6;104;5;103;6;2010
AT335;70941;Zellberg;26_45;183;168;15;166;17;166;17;2010
AT335;70941;Zellberg;46_65;150;139;11;137;13;137;13;2010
AT335;70941;Zellberg;65_00;88;87;1;84;4;84;4;2010
