Migrationshintergrund in Wien gemeldeter Personen nach Geschlecht und Wiener Zählbezirk;;;;;;;;;;;;;;;;;
Migration background of residents in Vienna by sex and Vienna subdistrict;;;;;;;;;;;;;;;;;
NUTS1;NUTS2;NUTS3;DISTRICT_CODE;SUB_DISTRICT_CODE;SEX;POP_TOTAL;POP_SCG;POP_TUR;POP_DEU;POP_POL;POP_BIH;POP_HRV;POP_ROU;POP_CZE;POP_HUN;POP_OTHER;POP_AUT;REF_DATE
AT1;AT13;AT130;90101;0101;2;2088;65;12;98;41;9;11;30;36;28;386;1372;20110101
AT1;AT13;AT130;90101;0102;2;863;26;0;43;18;4;9;16;9;19;193;526;20110101
AT1;AT13;AT130;90101;0103;2;1114;61;13;53;19;10;4;19;15;16;260;644;20110101
AT1;AT13;AT130;90101;0104;2;831;23;4;33;13;2;6;9;15;7;167;552;20110101
AT1;AT13;AT130;90101;0105;2;1127;34;8;42;14;2;14;15;14;11;202;771;20110101
AT1;AT13;AT130;90101;0106;2;1475;33;13;61;28;7;25;20;33;17;236;1002;20110101
AT1;AT13;AT130;90101;0107;2;1382;39;11;77;23;16;17;21;33;27;273;845;20110101
AT1;AT13;AT130;90201;0201;2;5044;282;259;84;153;111;56;63;67;44;736;3189;20110101
AT1;AT13;AT130;90201;0202;2;5600;691;353;168;154;141;80;137;62;54;806;2954;20110101
AT1;AT13;AT130;90201;0203;2;6553;415;179;282;134;97;84;109;96;68;921;4168;20110101
AT1;AT13;AT130;90201;0204;2;7524;469;221;303;145;125;87;145;67;109;1264;4589;20110101
AT1;AT13;AT130;90201;0205;2;4736;259;117;161;111;71;48;78;62;55;972;2802;20110101
AT1;AT13;AT130;90201;0206;2;3331;188;84;122;68;33;26;50;60;32;336;2332;20110101
AT1;AT13;AT130;90201;0207;2;6741;912;321;217;224;149;102;166;84;68;1261;3237;20110101
AT1;AT13;AT130;90201;0208;2;1070;68;24;16;16;11;5;3;15;7;118;787;20110101
AT1;AT13;AT130;90201;0209;2;8263;670;561;130;234;170;62;152;125;64;981;5114;20110101
AT1;AT13;AT130;90201;0299;2;46;7;4;0;2;0;1;2;0;0;6;24;20110101
AT1;AT13;AT130;90301;0301;2;5812;302;115;290;148;86;49;82;69;63;721;3887;20110101
AT1;AT13;AT130;90301;0302;2;4592;183;37;229;69;50;38;50;72;44;584;3236;20110101
AT1;AT13;AT130;90301;0303;2;3309;116;40;162;56;28;23;34;58;61;604;2127;20110101
AT1;AT13;AT130;90301;0304;2;5587;465;158;216;222;143;84;124;94;69;951;3061;20110101
AT1;AT13;AT130;90301;0305;2;4303;244;96;170;104;78;48;84;70;53;552;2804;20110101
AT1;AT13;AT130;90301;0306;2;7960;512;301;223;195;149;118;101;108;78;931;5244;20110101
AT1;AT13;AT130;90301;0307;2;2887;195;141;47;73;49;28;103;50;27;370;1804;20110101
AT1;AT13;AT130;90301;0308;2;862;14;1;33;9;2;3;6;24;7;61;702;20110101
AT1;AT13;AT130;90301;0309;2;4572;176;64;221;93;46;25;46;83;60;605;3153;20110101
AT1;AT13;AT130;90301;0310;2;3817;354;243;88;120;69;42;52;44;30;534;2241;20110101
AT1;AT13;AT130;90301;0311;2;1274;96;60;15;43;22;11;12;20;12;139;844;20110101
AT1;AT13;AT130;90401;0401;2;1220;38;20;67;21;14;19;16;14;18;300;693;20110101
AT1;AT13;AT130;90401;0402;2;5146;256;110;295;116;49;49;90;70;58;957;3096;20110101
AT1;AT13;AT130;90401;0403;2;6522;296;95;330;137;63;56;88;86;80;1060;4231;20110101
AT1;AT13;AT130;90401;0404;2;3643;171;89;164;72;54;33;54;49;41;528;2388;20110101
AT1;AT13;AT130;90501;0501;2;5868;343;134;292;128;84;42;80;68;57;687;3953;20110101
AT1;AT13;AT130;90501;0502;2;9929;933;600;264;292;226;130;192;134;86;1546;5526;20110101
AT1;AT13;AT130;90501;0503;2;8357;924;502;260;283;219;127;180;85;89;1208;4480;20110101
AT1;AT13;AT130;90501;0504;2;3183;228;98;124;80;71;46;57;30;42;444;1963;20110101
AT1;AT13;AT130;90501;0599;2;2;0;0;0;0;0;0;0;0;0;2;0;20110101
AT1;AT13;AT130;90601;0601;2;3835;154;63;202;86;48;23;34;32;68;585;2540;20110101
AT1;AT13;AT130;90601;0602;2;4697;288;147;183;132;58;46;59;54;58;786;2886;20110101
AT1;AT13;AT130;90601;0603;2;6919;319;148;311;143;85;66;76;74;79;966;4652;20110101
AT1;AT13;AT130;90601;0699;2;1;0;0;0;0;0;0;0;0;0;0;1;20110101
AT1;AT13;AT130;90701;0701;2;2959;155;60;183;57;33;30;31;37;27;406;1940;20110101
AT1;AT13;AT130;90701;0702;2;1526;55;15;100;22;9;21;22;16;26;225;1015;20110101
AT1;AT13;AT130;90701;0703;2;2416;109;36;136;41;37;22;42;20;38;283;1652;20110101
AT1;AT13;AT130;90701;0704;2;5223;267;117;272;97;80;62;57;63;58;714;3436;20110101
AT1;AT13;AT130;90701;0705;2;4050;305;102;222;107;72;46;88;44;47;537;2480;20110101
AT1;AT13;AT130;90701;0799;2;2;0;0;0;0;0;0;0;1;0;0;1;20110101
AT1;AT13;AT130;90801;0801;2;2496;111;27;154;45;37;22;40;29;32;369;1630;20110101
AT1;AT13;AT130;90801;0802;2;6009;218;77;331;110;50;31;68;74;66;880;4104;20110101
AT1;AT13;AT130;90801;0803;2;3890;200;74;190;85;26;33;22;39;59;544;2618;20110101
AT1;AT13;AT130;90801;0899;2;3;0;0;0;0;0;0;0;0;0;1;2;20110101
AT1;AT13;AT130;90901;0901;2;4328;297;97;174;83;60;37;46;55;45;537;2897;20110101
AT1;AT13;AT130;90901;0902;2;5761;315;83;273;107;51;56;56;83;86;822;3829;20110101
AT1;AT13;AT130;90901;0903;2;2144;123;63;101;61;33;28;40;30;30;267;1368;20110101
AT1;AT13;AT130;90901;0904;2;4864;245;98;272;110;117;86;42;55;72;768;2999;20110101
AT1;AT13;AT130;90901;0905;2;2812;64;25;177;39;16;20;37;37;25;464;1908;20110101
AT1;AT13;AT130;90901;0906;2;1117;42;10;53;16;10;7;15;16;9;200;739;20110101
AT1;AT13;AT130;91001;1001;2;471;58;47;10;25;23;10;21;1;4;50;222;20110101
AT1;AT13;AT130;91001;1002;2;9456;1094;959;141;285;305;157;203;86;110;1229;4887;20110101
AT1;AT13;AT130;91001;1003;2;3572;347;262;50;99;108;54;36;48;46;344;2178;20110101
AT1;AT13;AT130;91001;1004;2;3844;545;379;67;107;112;57;99;43;30;564;1841;20110101
AT1;AT13;AT130;91001;1005;2;8804;933;890;115;265;341;174;176;74;92;1068;4676;20110101
AT1;AT13;AT130;91001;1006;2;5850;800;726;91;199;323;125;149;52;42;849;2494;20110101
AT1;AT13;AT130;91001;1007;2;6074;538;312;90;142;201;89;112;71;59;639;3821;20110101
AT1;AT13;AT130;91001;1008;2;4766;574;456;80;160;215;87;117;46;49;581;2401;20110101
AT1;AT13;AT130;91001;1009;2;2485;191;133;35;54;82;16;44;34;20;213;1663;20110101
AT1;AT13;AT130;91001;1010;2;8396;715;611;118;149;262;61;103;110;53;671;5543;20110101
AT1;AT13;AT130;91001;1011;2;4540;226;407;49;67;56;24;26;60;19;419;3187;20110101
AT1;AT13;AT130;91001;1012;2;1237;48;33;28;42;35;10;22;8;12;209;790;20110101
AT1;AT13;AT130;91001;1013;2;2630;165;83;40;23;32;18;16;45;14;105;2089;20110101
AT1;AT13;AT130;91001;1014;2;2190;102;56;43;21;17;11;12;26;18;84;1800;20110101
AT1;AT13;AT130;91001;1015;2;2847;136;91;40;62;99;51;30;28;20;182;2108;20110101
AT1;AT13;AT130;91001;1016;2;3118;100;60;50;36;23;9;23;56;27;190;2544;20110101
AT1;AT13;AT130;91001;1017;2;450;8;3;6;1;0;0;1;2;4;13;412;20110101
AT1;AT13;AT130;91001;1018;2;2234;55;16;42;38;25;11;17;19;18;116;1877;20110101
AT1;AT13;AT130;91001;1019;2;1376;59;18;35;24;8;6;18;14;15;84;1095;20110101
AT1;AT13;AT130;91001;1020;2;5240;177;289;86;78;33;20;42;80;33;209;4193;20110101
AT1;AT13;AT130;91001;1021;2;3570;93;96;52;83;26;22;15;33;26;205;2919;20110101
AT1;AT13;AT130;91001;1022;2;3257;306;210;60;152;138;46;98;41;37;471;1698;20110101
AT1;AT13;AT130;91001;1023;2;4891;473;413;71;100;142;75;115;59;29;456;2958;20110101
AT1;AT13;AT130;91001;1099;2;264;8;7;3;11;2;0;1;0;0;13;219;20110101
AT1;AT13;AT130;91101;1101;2;863;28;11;49;17;8;8;19;11;21;157;534;20110101
AT1;AT13;AT130;91101;1102;2;6922;680;417;97;147;183;76;131;78;65;738;4310;20110101
AT1;AT13;AT130;91101;1103;2;8131;771;642;127;236;256;166;170;79;84;926;4674;20110101
AT1;AT13;AT130;91101;1104;2;2256;221;129;22;61;68;25;27;25;15;223;1440;20110101
AT1;AT13;AT130;91101;1105;2;5302;283;238;83;117;97;39;63;50;34;390;3908;20110101
AT1;AT13;AT130;91101;1106;2;157;12;9;0;1;2;2;1;1;1;5;123;20110101
AT1;AT13;AT130;91101;1107;2;3495;183;170;57;66;50;29;39;50;28;201;2622;20110101
AT1;AT13;AT130;91101;1108;2;431;8;1;4;7;8;4;0;3;2;18;376;20110101
AT1;AT13;AT130;91101;1109;2;1255;44;10;31;33;7;8;34;10;15;55;1008;20110101
AT1;AT13;AT130;91101;1110;2;13178;589;691;201;313;295;113;249;129;107;940;9551;20110101
AT1;AT13;AT130;91101;1111;2;2241;90;76;26;46;43;15;66;25;52;484;1318;20110101
AT1;AT13;AT130;91101;1112;2;160;4;2;3;0;4;2;11;0;3;4;127;20110101
AT1;AT13;AT130;91101;1113;2;2181;98;55;54;75;25;29;27;30;22;147;1619;20110101
AT1;AT13;AT130;91101;1199;2;72;1;0;1;0;0;0;0;0;1;0;69;20110101
AT1;AT13;AT130;91201;1201;2;1986;198;114;43;53;67;34;33;27;21;296;1100;20110101
AT1;AT13;AT130;91201;1202;2;8947;954;547;170;337;301;155;151;94;83;1070;5085;20110101
AT1;AT13;AT130;91201;1203;2;2580;223;236;34;52;58;25;39;29;18;325;1541;20110101
AT1;AT13;AT130;91201;1204;2;4251;427;239;105;131;119;79;114;43;53;544;2397;20110101
AT1;AT13;AT130;91201;1205;2;4278;363;272;95;118;119;64;66;53;37;463;2628;20110101
AT1;AT13;AT130;91201;1206;2;4467;479;164;195;146;127;80;79;52;61;476;2608;20110101
AT1;AT13;AT130;91201;1207;2;3578;195;170;75;75;44;37;40;44;33;317;2548;20110101
AT1;AT13;AT130;91201;1208;2;2219;220;136;37;69;90;47;19;38;17;197;1349;20110101
AT1;AT13;AT130;91201;1209;2;4084;278;353;30;65;75;22;32;29;24;575;2601;20110101
AT1;AT13;AT130;91201;1210;2;4768;208;210;95;108;149;74;60;49;39;420;3356;20110101
AT1;AT13;AT130;91201;1211;2;5068;145;81;143;84;49;38;60;69;39;332;4028;20110101
AT1;AT13;AT130;91201;1299;2;42;0;0;0;2;1;0;0;0;0;0;39;20110101
AT1;AT13;AT130;91301;1301;2;243;14;1;18;0;2;1;5;7;2;14;179;20110101
AT1;AT13;AT130;91301;1302;2;3330;68;21;224;59;14;20;19;42;29;383;2451;20110101
AT1;AT13;AT130;91301;1303;2;4815;152;37;246;85;40;18;39;75;64;489;3570;20110101
AT1;AT13;AT130;91301;1304;2;5572;107;40;242;103;23;36;37;110;62;477;4335;20110101
AT1;AT13;AT130;91301;1305;2;2310;74;7;102;33;13;8;22;38;15;190;1808;20110101
AT1;AT13;AT130;91301;1306;2;1359;36;4;62;27;11;8;9;12;12;128;1050;20110101
AT1;AT13;AT130;91301;1307;2;1771;67;37;56;27;30;7;9;42;24;143;1329;20110101
AT1;AT13;AT130;91301;1308;2;3539;84;29;123;47;20;13;29;70;46;304;2774;20110101
AT1;AT13;AT130;91301;1309;2;2895;97;46;62;45;13;7;18;65;19;232;2291;20110101
AT1;AT13;AT130;91301;1310;2;28;0;2;0;0;1;0;0;0;0;0;25;20110101
AT1;AT13;AT130;91301;1311;2;2257;16;0;77;26;3;5;8;42;6;164;1910;20110101
AT1;AT13;AT130;91301;1399;2;25;0;0;1;0;0;0;0;0;0;3;21;20110101
AT1;AT13;AT130;91401;1401;2;3397;289;102;87;101;75;59;34;41;22;280;2307;20110101
AT1;AT13;AT130;91401;1402;2;4245;591;294;114;184;153;99;119;45;38;427;2181;20110101
AT1;AT13;AT130;91401;1403;2;4581;274;87;203;104;60;44;53;60;51;442;3203;20110101
AT1;AT13;AT130;91401;1404;2;10153;842;353;210;269;276;149;173;133;94;816;6838;20110101
AT1;AT13;AT130;91401;1405;2;2151;97;48;52;35;27;7;17;24;16;106;1722;20110101
AT1;AT13;AT130;91401;1406;2;6414;351;145;157;151;118;71;82;94;52;532;4661;20110101
AT1;AT13;AT130;91401;1407;2;1577;125;63;18;35;32;18;16;17;3;118;1132;20110101
AT1;AT13;AT130;91401;1408;2;2054;63;24;46;20;17;14;13;29;17;138;1673;20110101
AT1;AT13;AT130;91401;1409;2;109;4;1;1;1;2;2;5;1;2;3;87;20110101
AT1;AT13;AT130;91401;1410;2;3849;104;35;128;47;30;29;38;53;28;281;3076;20110101
AT1;AT13;AT130;91401;1411;2;3337;18;9;124;29;4;7;16;78;28;186;2838;20110101
AT1;AT13;AT130;91401;1412;2;2911;55;20;96;34;19;16;11;34;15;188;2423;20110101
AT1;AT13;AT130;91401;1499;2;115;2;0;3;4;3;0;2;1;0;4;96;20110101
AT1;AT13;AT130;91501;1501;2;5356;541;289;139;145;172;84;85;71;66;538;3226;20110101
AT1;AT13;AT130;91501;1502;2;4643;654;316;132;203;199;136;106;29;56;628;2184;20110101
AT1;AT13;AT130;91501;1503;2;5839;793;404;168;175;239;162;145;47;82;917;2707;20110101
AT1;AT13;AT130;91501;1504;2;3695;427;308;83;138;137;104;53;35;48;581;1781;20110101
AT1;AT13;AT130;91501;1505;2;5641;539;301;160;137;187;87;140;67;60;678;3285;20110101
AT1;AT13;AT130;91501;1506;2;7052;1040;482;147;290;282;156;183;54;68;809;3541;20110101
AT1;AT13;AT130;91501;1507;2;4487;401;236;74;124;133;72;55;61;36;317;2978;20110101
AT1;AT13;AT130;91501;1599;2;27;0;0;0;1;1;0;3;0;0;18;4;20110101
AT1;AT13;AT130;91601;1601;2;6883;845;598;195;208;203;133;155;55;67;844;3580;20110101
AT1;AT13;AT130;91601;1602;2;4008;632;432;88;163;159;93;110;29;40;559;1703;20110101
AT1;AT13;AT130;91601;1603;2;6273;619;404;100;168;162;98;60;84;45;481;4052;20110101
AT1;AT13;AT130;91601;1604;2;4191;377;221;87;119;103;70;88;48;27;363;2688;20110101
AT1;AT13;AT130;91601;1605;2;7915;919;345;184;272;249;181;159;64;71;718;4753;20110101
AT1;AT13;AT130;91601;1606;2;5305;457;309;102;105;96;57;49;69;20;449;3592;20110101
AT1;AT13;AT130;91601;1607;2;4935;443;266;96;147;101;58;52;47;27;386;3312;20110101
AT1;AT13;AT130;91601;1608;2;1683;42;32;33;24;9;8;10;23;15;68;1419;20110101
AT1;AT13;AT130;91601;1609;2;2799;29;13;102;29;16;17;5;44;15;144;2385;20110101
AT1;AT13;AT130;91601;1610;2;5042;910;567;124;171;204;152;115;45;27;620;2107;20110101
AT1;AT13;AT130;91601;1699;2;253;3;0;4;1;3;1;2;6;0;4;229;20110101
AT1;AT13;AT130;91701;1701;2;5285;616;256;158;193;131;98;123;63;51;625;2971;20110101
AT1;AT13;AT130;91701;1702;2;6989;823;350;182;236;213;121;128;59;64;847;3966;20110101
AT1;AT13;AT130;91701;1703;2;8697;1008;372;222;259;288;180;138;100;78;825;5227;20110101
AT1;AT13;AT130;91701;1704;2;2079;53;12;66;25;10;12;9;40;7;146;1699;20110101
AT1;AT13;AT130;91701;1705;2;3126;113;42;105;37;15;19;9;51;19;240;2476;20110101
AT1;AT13;AT130;91701;1706;2;1281;30;6;50;15;5;4;11;22;17;170;951;20110101
AT1;AT13;AT130;91701;1799;2;53;0;1;2;3;1;0;0;0;0;1;45;20110101
AT1;AT13;AT130;91801;1801;2;1148;8;5;83;6;1;7;8;19;11;172;828;20110101
AT1;AT13;AT130;91801;1802;2;7499;417;165;336;168;84;64;88;108;77;901;5091;20110101
AT1;AT13;AT130;91801;1803;2;7706;707;229;329;230;156;143;154;78;83;892;4705;20110101
AT1;AT13;AT130;91801;1804;2;4759;168;53;177;82;42;17;48;58;53;514;3547;20110101
AT1;AT13;AT130;91801;1805;2;4944;76;20;245;46;12;17;28;84;52;612;3752;20110101
AT1;AT13;AT130;91801;1899;2;1;0;0;1;0;0;0;0;0;0;0;0;20110101
AT1;AT13;AT130;91901;1901;2;3071;78;35;153;50;17;11;17;55;44;351;2260;20110101
AT1;AT13;AT130;91901;1902;2;5210;301;155;123;100;55;50;40;81;58;609;3638;20110101
AT1;AT13;AT130;91901;1903;2;132;2;5;3;3;3;3;1;0;5;24;83;20110101
AT1;AT13;AT130;91901;1904;2;7298;283;157;284;137;72;59;71;111;88;1054;4982;20110101
AT1;AT13;AT130;91901;1905;2;3872;120;36;182;54;31;27;39;54;64;562;2703;20110101
AT1;AT13;AT130;91901;1906;2;2603;22;14;103;27;16;9;12;47;25;395;1933;20110101
AT1;AT13;AT130;91901;1907;2;1556;23;10;74;17;3;4;18;29;18;194;1166;20110101
AT1;AT13;AT130;91901;1908;2;6925;253;104;222;153;51;40;50;148;82;701;5121;20110101
AT1;AT13;AT130;91901;1909;2;2229;61;34;133;55;22;14;34;33;47;490;1306;20110101
AT1;AT13;AT130;91901;1910;2;4647;77;30;206;64;19;15;30;67;52;543;3544;20110101
AT1;AT13;AT130;91901;1999;2;8;0;0;1;0;0;0;1;0;0;1;5;20110101
AT1;AT13;AT130;92001;2001;2;4231;319;314;47;104;126;41;42;55;35;492;2656;20110101
AT1;AT13;AT130;92001;2002;2;7510;849;669;126;247;206;93;158;77;57;1054;3974;20110101
AT1;AT13;AT130;92001;2003;2;6927;730;570;171;175;181;124;125;72;60;786;3933;20110101
AT1;AT13;AT130;92001;2004;2;4780;310;285;83;140;120;69;64;64;45;742;2858;20110101
AT1;AT13;AT130;92001;2005;2;5612;674;486;151;196;154;88;174;47;47;804;2791;20110101
AT1;AT13;AT130;92001;2006;2;4355;292;348;62;100;79;47;48;54;42;506;2777;20110101
AT1;AT13;AT130;92001;2007;2;6655;520;482;88;186;144;68;86;80;68;779;4154;20110101
AT1;AT13;AT130;92001;2008;2;2734;291;189;53;108;73;57;57;29;29;299;1549;20110101
AT1;AT13;AT130;92001;2099;2;42;2;2;0;1;0;0;0;3;0;2;32;20110101
AT1;AT13;AT130;92101;2101;2;689;15;1;11;13;2;0;3;5;3;15;621;20110101
AT1;AT13;AT130;92101;2102;2;3581;85;32;69;131;47;29;11;29;33;261;2854;20110101
AT1;AT13;AT130;92101;2103;2;2818;60;27;48;95;15;8;14;22;28;191;2310;20110101
AT1;AT13;AT130;92101;2104;2;2036;52;20;32;23;9;11;31;30;10;122;1696;20110101
AT1;AT13;AT130;92101;2105;2;9710;414;457;118;158;83;29;94;162;46;896;7253;20110101
AT1;AT13;AT130;92101;2106;2;437;47;5;3;3;4;3;11;6;2;30;323;20110101
AT1;AT13;AT130;92101;2107;2;1470;72;27;23;45;24;7;19;20;10;120;1103;20110101
AT1;AT13;AT130;92101;2108;2;1296;38;27;16;11;13;5;6;12;11;92;1065;20110101
AT1;AT13;AT130;92101;2109;2;3534;88;57;67;159;24;13;28;57;30;256;2755;20110101
AT1;AT13;AT130;92101;2110;2;2383;148;62;34;52;35;17;28;28;11;227;1741;20110101
AT1;AT13;AT130;92101;2111;2;2570;84;38;52;72;33;21;31;40;25;278;1896;20110101
AT1;AT13;AT130;92101;2112;2;3780;171;260;43;82;32;17;34;37;11;379;2714;20110101
AT1;AT13;AT130;92101;2113;2;2405;34;17;51;29;5;19;12;33;18;148;2039;20110101
AT1;AT13;AT130;92101;2114;2;2623;83;64;32;35;18;14;31;37;11;189;2109;20110101
AT1;AT13;AT130;92101;2115;2;2311;68;33;28;45;16;9;16;30;36;132;1898;20110101
AT1;AT13;AT130;92101;2116;2;1735;21;3;36;20;3;2;10;37;10;77;1516;20110101
AT1;AT13;AT130;92101;2117;2;3427;205;172;39;83;28;15;28;48;22;277;2510;20110101
AT1;AT13;AT130;92101;2118;2;3568;231;119;81;103;58;57;55;49;28;348;2439;20110101
AT1;AT13;AT130;92101;2119;2;1608;85;33;16;43;16;16;19;13;16;164;1187;20110101
AT1;AT13;AT130;92101;2120;2;872;77;32;19;34;37;11;11;12;5;99;535;20110101
AT1;AT13;AT130;92101;2121;2;3107;311;99;59;81;66;26;69;47;26;306;2017;20110101
AT1;AT13;AT130;92101;2122;2;4326;179;149;83;133;73;35;67;86;41;508;2972;20110101
AT1;AT13;AT130;92101;2123;2;5331;312;138;133;166;99;51;71;63;44;643;3611;20110101
AT1;AT13;AT130;92101;2124;2;1665;43;34;35;51;14;5;20;32;14;118;1299;20110101
AT1;AT13;AT130;92101;2125;2;2278;53;29;59;70;21;11;30;22;16;247;1720;20110101
AT1;AT13;AT130;92101;2126;2;3774;127;82;74;94;51;35;24;41;41;341;2864;20110101
AT1;AT13;AT130;92101;2127;2;763;10;5;21;9;6;4;5;16;5;110;572;20110101
AT1;AT13;AT130;92101;2128;2;133;20;12;2;3;9;9;2;0;1;25;50;20110101
AT1;AT13;AT130;92101;2129;2;3;0;0;0;0;0;0;0;0;0;1;2;20110101
AT1;AT13;AT130;92101;2130;2;7;0;0;0;0;0;0;0;0;0;0;7;20110101
AT1;AT13;AT130;92101;2199;2;289;4;0;2;1;2;0;1;2;2;8;267;20110101
AT1;AT13;AT130;92201;2201;2;1019;18;17;21;21;2;2;15;10;5;108;800;20110101
AT1;AT13;AT130;92201;2202;2;2177;62;29;42;31;20;9;20;18;10;246;1690;20110101
AT1;AT13;AT130;92201;2203;2;715;31;5;14;7;1;5;10;10;8;39;585;20110101
AT1;AT13;AT130;92201;2204;2;1940;42;17;35;37;13;1;14;29;14;111;1627;20110101
AT1;AT13;AT130;92201;2205;2;2562;32;16;47;70;8;6;17;36;20;192;2118;20110101
AT1;AT13;AT130;92201;2206;2;5950;190;172;60;128;48;24;37;75;35;541;4640;20110101
AT1;AT13;AT130;92201;2207;2;2429;40;9;44;76;16;14;24;25;14;206;1961;20110101
AT1;AT13;AT130;92201;2208;2;7800;381;242;83;297;133;57;109;81;49;1079;5289;20110101
AT1;AT13;AT130;92201;2209;2;7159;333;227;128;176;66;38;63;112;39;827;5150;20110101
AT1;AT13;AT130;92201;2210;2;3255;77;51;60;75;31;32;37;36;24;498;2334;20110101
AT1;AT13;AT130;92201;2211;2;5705;245;110;95;153;59;31;97;83;59;700;4073;20110101
AT1;AT13;AT130;92201;2212;2;1732;69;88;30;33;11;12;9;33;11;239;1197;20110101
AT1;AT13;AT130;92201;2213;2;3410;138;86;55;65;29;23;35;50;19;319;2591;20110101
AT1;AT13;AT130;92201;2214;2;2661;49;25;47;38;9;6;11;34;12;129;2301;20110101
AT1;AT13;AT130;92201;2215;2;4644;193;181;85;92;42;16;40;75;51;329;3540;20110101
AT1;AT13;AT130;92201;2216;2;607;21;12;9;9;6;0;1;9;4;38;498;20110101
AT1;AT13;AT130;92201;2217;2;622;12;3;9;12;1;3;6;7;6;44;519;20110101
AT1;AT13;AT130;92201;2218;2;2657;77;44;30;58;19;18;19;45;13;184;2150;20110101
AT1;AT13;AT130;92201;2219;2;2915;184;86;56;57;42;27;52;40;26;260;2085;20110101
AT1;AT13;AT130;92201;2220;2;1453;55;58;29;17;10;5;17;22;10;176;1054;20110101
AT1;AT13;AT130;92201;2221;2;574;28;4;9;9;3;2;0;8;5;42;464;20110101
AT1;AT13;AT130;92201;2222;2;3439;72;19;49;233;29;16;32;54;13;305;2617;20110101
AT1;AT13;AT130;92201;2223;2;2226;72;23;37;37;12;6;10;22;22;267;1718;20110101
AT1;AT13;AT130;92201;2224;2;2967;44;14;53;122;25;14;28;36;27;241;2363;20110101
AT1;AT13;AT130;92201;2225;2;980;14;2;20;11;2;3;4;17;13;53;841;20110101
AT1;AT13;AT130;92201;2226;2;1891;32;1;56;25;3;3;13;28;18;142;1570;20110101
AT1;AT13;AT130;92201;2227;2;3213;50;16;73;54;11;14;21;35;22;250;2667;20110101
AT1;AT13;AT130;92201;2228;2;1821;55;15;29;42;14;13;10;18;14;137;1474;20110101
AT1;AT13;AT130;92201;2229;2;1785;60;28;44;29;8;7;14;25;11;170;1389;20110101
AT1;AT13;AT130;92201;2230;2;7;0;0;0;0;0;0;0;0;0;2;5;20110101
AT1;AT13;AT130;92201;2231;2;46;0;0;1;1;1;0;0;1;0;1;41;20110101
AT1;AT13;AT130;92201;2232;2;2153;81;31;51;134;65;29;22;21;16;524;1179;20110101
AT1;AT13;AT130;92201;2299;2;415;7;5;10;4;3;0;3;2;4;19;358;20110101
AT1;AT13;AT130;92301;2301;2;1206;67;14;26;18;18;12;26;17;6;111;891;20110101
AT1;AT13;AT130;92301;2302;2;2229;151;36;38;56;53;41;43;32;22;180;1577;20110101
AT1;AT13;AT130;92301;2303;2;1854;54;24;38;20;11;6;20;25;10;111;1535;20110101
AT1;AT13;AT130;92301;2304;2;4053;145;115;46;98;145;69;50;41;40;317;2987;20110101
AT1;AT13;AT130;92301;2305;2;4657;183;170;100;123;65;40;48;44;38;376;3470;20110101
AT1;AT13;AT130;92301;2306;2;483;31;5;10;9;4;5;4;3;2;28;382;20110101
AT1;AT13;AT130;92301;2307;2;4535;240;149;82;85;73;63;61;51;31;353;3347;20110101
AT1;AT13;AT130;92301;2308;2;2283;66;40;44;40;13;18;20;40;19;143;1840;20110101
AT1;AT13;AT130;92301;2309;2;3701;100;50;133;51;38;18;28;79;32;213;2959;20110101
AT1;AT13;AT130;92301;2310;2;2776;135;63;46;37;25;16;33;35;20;179;2187;20110101
AT1;AT13;AT130;92301;2311;2;3761;146;63;109;63;47;36;26;43;40;276;2912;20110101
AT1;AT13;AT130;92301;2312;2;2872;126;48;74;42;21;15;15;35;31;177;2288;20110101
AT1;AT13;AT130;92301;2313;2;2230;18;6;68;24;10;4;15;53;8;129;1895;20110101
AT1;AT13;AT130;92301;2314;2;2489;50;18;100;34;14;11;11;31;10;152;2058;20110101
AT1;AT13;AT130;92301;2315;2;1137;12;3;62;20;4;6;7;12;11;71;929;20110101
AT1;AT13;AT130;92301;2316;2;1239;22;14;49;17;5;5;7;50;9;86;975;20110101
AT1;AT13;AT130;92301;2317;2;115;10;3;4;2;0;1;1;2;1;17;74;20110101
AT1;AT13;AT130;92301;2318;2;2870;70;86;40;59;18;18;17;21;21;139;2381;20110101
AT1;AT13;AT130;92301;2319;2;5271;98;80;103;135;30;27;40;100;62;336;4260;20110101
AT1;AT13;AT130;92301;2399;2;51;1;3;0;3;1;1;0;2;0;5;35;20110101
AT1;AT13;AT130;90101;0101;1;1939;49;9;119;25;6;16;19;21;23;355;1297;20110101
AT1;AT13;AT130;90101;0102;1;771;28;1;44;9;2;5;7;15;5;160;495;20110101
AT1;AT13;AT130;90101;0103;1;1026;40;13;46;7;9;7;11;10;16;214;653;20110101
AT1;AT13;AT130;90101;0104;1;740;21;6;32;5;2;4;6;9;7;122;526;20110101
AT1;AT13;AT130;90101;0105;1;1046;25;8;53;5;1;18;5;16;7;176;732;20110101
AT1;AT13;AT130;90101;0106;1;1294;31;5;73;11;9;13;10;13;10;203;916;20110101
AT1;AT13;AT130;90101;0107;1;1327;35;11;59;7;7;20;15;18;27;260;868;20110101
AT1;AT13;AT130;90201;0201;1;4834;257;287;82;99;125;48;34;36;30;637;3199;20110101
AT1;AT13;AT130;90201;0202;1;5680;725;436;184;197;183;99;112;29;56;913;2746;20110101
AT1;AT13;AT130;90201;0203;1;6143;401;238;243;121;82;99;79;41;56;938;3845;20110101
AT1;AT13;AT130;90201;0204;1;7158;480;288;300;125;120;85;94;41;85;1313;4227;20110101
AT1;AT13;AT130;90201;0205;1;4403;245;121;197;194;62;44;49;45;41;838;2567;20110101
AT1;AT13;AT130;90201;0206;1;3071;178;99;104;96;29;27;40;31;19;303;2145;20110101
AT1;AT13;AT130;90201;0207;1;6735;858;429;252;270;143;109;138;63;58;1235;3180;20110101
AT1;AT13;AT130;90201;0208;1;924;48;16;19;13;10;4;4;8;13;99;690;20110101
AT1;AT13;AT130;90201;0209;1;7617;631;574;123;197;136;61;120;60;57;1040;4618;20110101
AT1;AT13;AT130;90201;0210;1;2;0;0;0;0;0;0;0;0;0;2;0;20110101
AT1;AT13;AT130;90201;0299;1;44;9;7;0;1;0;1;2;0;0;3;21;20110101
AT1;AT13;AT130;90301;0301;1;5323;315;118;245;125;82;52;65;56;63;698;3504;20110101
AT1;AT13;AT130;90301;0302;1;4045;141;41;193;43;43;34;29;28;39;464;2990;20110101
AT1;AT13;AT130;90301;0303;1;2860;99;33;175;38;16;21;22;27;33;519;1877;20110101
AT1;AT13;AT130;90301;0304;1;5164;470;201;213;213;136;106;73;36;71;894;2751;20110101
AT1;AT13;AT130;90301;0305;1;3810;211;110;179;105;63;50;70;38;40;495;2449;20110101
AT1;AT13;AT130;90301;0306;1;7094;507;370;197;157;130;100;83;58;62;877;4553;20110101
AT1;AT13;AT130;90301;0307;1;2456;166;159;54;63;42;22;90;26;35;318;1481;20110101
AT1;AT13;AT130;90301;0308;1;879;11;8;36;2;2;1;3;13;6;66;731;20110101
AT1;AT13;AT130;90301;0309;1;4016;161;62;185;66;46;26;27;46;40;503;2854;20110101
AT1;AT13;AT130;90301;0310;1;3802;340;276;111;106;87;61;50;38;48;538;2147;20110101
AT1;AT13;AT130;90301;0311;1;1116;76;62;16;31;17;10;8;8;10;145;733;20110101
AT1;AT13;AT130;90401;0401;1;1136;33;15;70;19;11;18;16;10;9;256;679;20110101
AT1;AT13;AT130;90401;0402;1;4645;200;118;289;76;50;39;49;36;56;836;2896;20110101
AT1;AT13;AT130;90401;0403;1;5696;261;118;295;94;72;54;57;55;58;888;3744;20110101
AT1;AT13;AT130;90401;0404;1;3194;158;87;168;47;37;29;33;17;34;482;2102;20110101
AT1;AT13;AT130;90501;0501;1;5484;320;167;307;103;79;69;64;52;66;688;3569;20110101
AT1;AT13;AT130;90501;0502;1;9521;842;678;281;260;237;143;133;71;66;1518;5292;20110101
AT1;AT13;AT130;90501;0503;1;8112;866;578;290;266;227;120;114;59;76;1271;4245;20110101
AT1;AT13;AT130;90501;0504;1;3024;205;107;159;83;68;53;42;19;40;533;1715;20110101
AT1;AT13;AT130;90501;0599;1;2;0;0;0;0;0;1;0;0;0;1;0;20110101
AT1;AT13;AT130;90601;0601;1;3513;125;62;184;64;32;30;15;26;43;537;2395;20110101
AT1;AT13;AT130;90601;0602;1;4391;241;175;221;123;72;44;38;29;41;796;2611;20110101
AT1;AT13;AT130;90601;0603;1;6198;265;170;319;116;107;63;45;49;64;886;4114;20110101
AT1;AT13;AT130;90601;0699;1;3;0;0;1;0;0;0;0;0;0;0;2;20110101
AT1;AT13;AT130;90701;0701;1;2663;132;65;171;42;30;29;18;14;19;376;1767;20110101
AT1;AT13;AT130;90701;0702;1;1310;32;23;93;20;14;7;11;7;18;178;907;20110101
AT1;AT13;AT130;90701;0703;1;2156;94;43;121;19;27;23;27;13;17;262;1510;20110101
AT1;AT13;AT130;90701;0704;1;4652;217;124;267;81;78;51;44;30;38;685;3037;20110101
AT1;AT13;AT130;90701;0705;1;3692;242;121;209;86;62;48;38;22;34;533;2297;20110101
AT1;AT13;AT130;90701;0799;1;2;0;0;1;0;0;0;0;0;0;0;1;20110101
AT1;AT13;AT130;90801;0801;1;2990;142;63;136;63;42;29;99;18;41;683;1674;20110101
AT1;AT13;AT130;90801;0802;1;5074;175;80;322;78;42;29;37;44;39;704;3524;20110101
AT1;AT13;AT130;90801;0803;1;3586;164;69;197;61;43;30;25;23;44;521;2409;20110101
AT1;AT13;AT130;90801;0899;1;7;0;0;0;0;0;0;0;0;0;1;6;20110101
AT1;AT13;AT130;90901;0901;1;3935;242;134;197;56;76;50;46;26;35;520;2553;20110101
AT1;AT13;AT130;90901;0902;1;5288;260;73;293;151;60;47;28;39;50;908;3379;20110101
AT1;AT13;AT130;90901;0903;1;1938;122;73;107;63;29;23;30;14;29;267;1181;20110101
AT1;AT13;AT130;90901;0904;1;4405;267;121;252;103;92;93;36;33;47;677;2684;20110101
AT1;AT13;AT130;90901;0905;1;2484;46;31;171;24;12;5;19;17;19;446;1694;20110101
AT1;AT13;AT130;90901;0906;1;967;32;6;65;8;10;5;6;9;4;174;648;20110101
AT1;AT13;AT130;91001;1001;1;467;43;71;6;20;23;16;20;0;2;50;216;20110101
AT1;AT13;AT130;91001;1002;1;9377;1008;1068;131;251;297;182;151;46;99;1305;4839;20110101
AT1;AT13;AT130;91001;1003;1;3325;298;307;58;94;119;54;28;30;41;320;1976;20110101
AT1;AT13;AT130;91001;1004;1;3863;546;400;90;143;152;80;73;30;30;602;1717;20110101
AT1;AT13;AT130;91001;1005;1;8699;988;1024;127;235;349;186;169;43;78;1058;4442;20110101
AT1;AT13;AT130;91001;1006;1;6048;779;905;95;237;322;137;131;33;39;875;2495;20110101
AT1;AT13;AT130;91001;1007;1;5578;502;394;89;180;197;97;90;54;46;599;3330;20110101
AT1;AT13;AT130;91001;1008;1;4703;531;518;93;171;225;96;105;27;51;653;2233;20110101
AT1;AT13;AT130;91001;1009;1;2263;163;166;22;37;69;24;21;11;21;201;1528;20110101
AT1;AT13;AT130;91001;1010;1;7519;630;674;86;101;222;71;54;68;25;665;4923;20110101
AT1;AT13;AT130;91001;1011;1;4313;186;404;37;37;46;19;16;25;22;411;3110;20110101
AT1;AT13;AT130;91001;1012;1;1212;36;32;37;20;43;9;12;2;5;161;855;20110101
AT1;AT13;AT130;91001;1013;1;2193;131;89;25;10;20;19;9;27;10;76;1777;20110101
AT1;AT13;AT130;91001;1014;1;1898;85;61;23;15;21;11;9;16;5;80;1572;20110101
AT1;AT13;AT130;91001;1015;1;2578;121;97;32;36;88;58;23;11;12;149;1951;20110101
AT1;AT13;AT130;91001;1016;1;2864;80;59;27;21;22;8;16;28;13;155;2435;20110101
AT1;AT13;AT130;91001;1017;1;438;10;2;4;4;1;2;0;2;6;7;400;20110101
AT1;AT13;AT130;91001;1018;1;2096;49;19;42;29;27;19;10;9;10;129;1753;20110101
AT1;AT13;AT130;91001;1019;1;1255;45;16;27;10;8;6;9;16;15;65;1038;20110101
AT1;AT13;AT130;91001;1020;1;4316;116;287;30;33;35;16;42;41;14;203;3499;20110101
AT1;AT13;AT130;91001;1021;1;3000;67;103;30;51;28;22;13;7;15;167;2497;20110101
AT1;AT13;AT130;91001;1022;1;3132;331;255;68;146;123;48;66;18;42;485;1550;20110101
AT1;AT13;AT130;91001;1023;1;4610;434;436;62;89;120;98;89;39;69;543;2631;20110101
AT1;AT13;AT130;91001;1099;1;269;5;5;1;8;2;1;1;2;0;4;240;20110101
AT1;AT13;AT130;91101;1101;1;911;21;46;34;12;7;10;8;10;6;143;614;20110101
AT1;AT13;AT130;91101;1102;1;6569;617;507;100;121;161;86;113;50;58;772;3984;20110101
AT1;AT13;AT130;91101;1103;1;7995;773;713;129;257;218;181;148;34;76;916;4550;20110101
AT1;AT13;AT130;91101;1104;1;2235;181;147;33;30;58;31;20;13;27;223;1472;20110101
AT1;AT13;AT130;91101;1105;1;4933;225;272;53;86;95;41;50;25;31;300;3755;20110101
AT1;AT13;AT130;91101;1106;1;162;7;6;0;2;4;2;2;0;1;5;133;20110101
AT1;AT13;AT130;91101;1107;1;3005;140;178;34;45;43;38;51;25;28;187;2236;20110101
AT1;AT13;AT130;91101;1108;1;399;10;1;9;4;9;6;1;4;2;15;338;20110101
AT1;AT13;AT130;91101;1109;1;1175;39;7;34;19;18;6;34;7;21;49;941;20110101
AT1;AT13;AT130;91101;1110;1;12047;520;746;159;245;270;158;209;62;69;765;8844;20110101
AT1;AT13;AT130;91101;1111;1;2579;111;81;33;40;34;14;78;28;180;706;1274;20110101
AT1;AT13;AT130;91101;1112;1;244;4;4;2;0;6;2;9;1;8;97;111;20110101
AT1;AT13;AT130;91101;1113;1;2045;71;60;51;71;22;20;21;24;22;149;1534;20110101
AT1;AT13;AT130;91101;1199;1;67;0;0;1;0;0;0;1;0;1;1;63;20110101
AT1;AT13;AT130;91201;1201;1;2016;198;120;52;70;70;36;29;22;20;377;1022;20110101
AT1;AT13;AT130;91201;1202;1;8335;873;603;151;318;286;191;120;47;57;1073;4616;20110101
AT1;AT13;AT130;91201;1203;1;2472;187;245;24;44;43;19;22;18;12;320;1538;20110101
AT1;AT13;AT130;91201;1204;1;4104;422;285;83;154;146;95;90;28;38;555;2208;20110101
AT1;AT13;AT130;91201;1205;1;3895;341;298;84;90;122;60;49;32;36;489;2294;20110101
AT1;AT13;AT130;91201;1206;1;4155;462;177;182;167;143;90;55;29;41;513;2296;20110101
AT1;AT13;AT130;91201;1207;1;2981;161;181;51;45;29;26;28;25;21;266;2148;20110101
AT1;AT13;AT130;91201;1208;1;2121;214;155;39;66;87;55;25;15;10;184;1271;20110101
AT1;AT13;AT130;91201;1209;1;3824;209;330;37;36;76;30;31;22;11;517;2525;20110101
AT1;AT13;AT130;91201;1210;1;4437;187;339;102;81;144;76;44;24;27;420;2993;20110101
AT1;AT13;AT130;91201;1211;1;4175;144;91;105;40;42;29;30;41;20;283;3350;20110101
AT1;AT13;AT130;91201;1299;1;39;0;0;0;0;0;1;0;0;0;0;38;20110101
AT1;AT13;AT130;91301;1301;1;205;8;0;6;0;3;3;3;1;1;20;160;20110101
AT1;AT13;AT130;91301;1302;1;2730;60;32;176;29;7;16;14;24;29;302;2041;20110101
AT1;AT13;AT130;91301;1303;1;4042;132;49;199;57;46;20;30;36;43;429;3001;20110101
AT1;AT13;AT130;91301;1304;1;4522;92;46;165;75;19;27;31;50;44;370;3603;20110101
AT1;AT13;AT130;91301;1305;1;1900;50;14;85;20;9;3;18;28;14;133;1526;20110101
AT1;AT13;AT130;91301;1306;1;1125;21;6;53;19;6;12;7;6;5;98;892;20110101
AT1;AT13;AT130;91301;1307;1;1438;60;34;29;23;21;7;7;19;13;106;1119;20110101
AT1;AT13;AT130;91301;1308;1;2917;82;31;99;24;14;14;20;28;26;248;2331;20110101
AT1;AT13;AT130;91301;1309;1;2262;64;40;35;21;12;8;10;18;17;169;1868;20110101
AT1;AT13;AT130;91301;1310;1;43;2;2;0;0;2;0;0;0;0;1;36;20110101
AT1;AT13;AT130;91301;1311;1;2081;11;2;72;20;2;3;4;18;5;102;1842;20110101
AT1;AT13;AT130;91301;1399;1;26;0;0;1;0;0;0;0;0;0;1;24;20110101
AT1;AT13;AT130;91401;1401;1;3189;280;114;93;92;78;65;25;26;19;282;2115;20110101
AT1;AT13;AT130;91401;1402;1;4115;506;337;110;190;157;109;77;25;28;489;2087;20110101
AT1;AT13;AT130;91401;1403;1;3967;222;90;157;86;67;50;39;34;40;387;2795;20110101
AT1;AT13;AT130;91401;1404;1;9057;760;386;187;268;278;145;122;60;64;857;5930;20110101
AT1;AT13;AT130;91401;1405;1;1971;69;56;37;19;24;11;12;14;9;86;1634;20110101
AT1;AT13;AT130;91401;1406;1;5424;315;152;124;114;111;67;64;47;27;488;3915;20110101
AT1;AT13;AT130;91401;1407;1;1346;103;61;15;18;37;14;10;5;3;96;984;20110101
AT1;AT13;AT130;91401;1408;1;1735;50;25;36;9;17;17;7;16;9;89;1460;20110101
AT1;AT13;AT130;91401;1409;1;170;4;4;4;1;2;2;0;2;0;11;140;20110101
AT1;AT13;AT130;91401;1410;1;3402;92;53;104;36;29;27;23;32;18;241;2747;20110101
AT1;AT13;AT130;91401;1411;1;3015;15;11;97;20;4;9;11;39;14;153;2642;20110101
AT1;AT13;AT130;91401;1412;1;2791;56;29;80;27;16;20;9;22;9;152;2371;20110101
AT1;AT13;AT130;91401;1499;1;98;0;0;2;0;1;0;1;1;0;7;86;20110101
AT1;AT13;AT130;91501;1501;1;5062;476;366;147;154;157;90;85;39;40;552;2956;20110101
AT1;AT13;AT130;91501;1502;1;4911;677;400;135;256;202;136;69;24;83;712;2217;20110101
AT1;AT13;AT130;91501;1503;1;5870;816;472;181;186;227;206;135;21;78;988;2560;20110101
AT1;AT13;AT130;91501;1504;1;3869;429;304;101;144;166;124;75;27;39;701;1759;20110101
AT1;AT13;AT130;91501;1505;1;5250;494;358;133;128;195;99;108;27;54;758;2896;20110101
AT1;AT13;AT130;91501;1506;1;6937;1024;568;156;316;249;210;175;31;44;793;3371;20110101
AT1;AT13;AT130;91501;1507;1;3928;303;250;79;131;110;69;44;36;25;317;2564;20110101
AT1;AT13;AT130;91501;1599;1;26;1;0;1;0;0;0;1;0;1;17;5;20110101
AT1;AT13;AT130;91601;1601;1;6633;808;674;161;194;217;154;138;40;55;895;3297;20110101
AT1;AT13;AT130;91601;1602;1;4184;657;390;111;229;158;109;109;14;43;645;1719;20110101
AT1;AT13;AT130;91601;1603;1;5813;476;544;89;126;146;110;44;38;36;485;3719;20110101
AT1;AT13;AT130;91601;1604;1;3889;345;263;89;109;110;80;85;24;23;393;2368;20110101
AT1;AT13;AT130;91601;1605;1;7490;895;407;215;279;250;226;128;46;72;812;4160;20110101
AT1;AT13;AT130;91601;1606;1;4888;409;366;82;126;103;65;50;33;20;424;3210;20110101
AT1;AT13;AT130;91601;1607;1;4549;388;267;79;163;120;54;52;25;21;409;2971;20110101
AT1;AT13;AT130;91601;1608;1;1307;37;34;17;7;4;4;4;11;5;56;1128;20110101
AT1;AT13;AT130;91601;1609;1;2351;22;12;53;14;19;10;4;23;8;80;2106;20110101
AT1;AT13;AT130;91601;1610;1;5261;887;689;123;237;217;165;98;15;20;741;2069;20110101
AT1;AT13;AT130;91601;1699;1;230;3;1;8;0;5;0;1;0;3;3;206;20110101
AT1;AT13;AT130;91701;1701;1;5107;636;312;149;223;139;111;95;30;41;672;2699;20110101
AT1;AT13;AT130;91701;1702;1;6756;845;431;217;243;236;138;73;34;44;889;3606;20110101
AT1;AT13;AT130;91701;1703;1;8542;958;428;183;298;272;200;110;53;89;911;5040;20110101
AT1;AT13;AT130;91701;1704;1;1568;29;11;63;13;19;8;8;9;8;116;1284;20110101
AT1;AT13;AT130;91701;1705;1;2666;88;42;74;26;7;20;9;31;16;191;2162;20110101
AT1;AT13;AT130;91701;1706;1;1118;28;8;42;7;4;1;3;10;8;111;896;20110101
AT1;AT13;AT130;91701;1799;1;45;1;3;2;3;0;0;0;0;0;2;34;20110101
AT1;AT13;AT130;91801;1801;1;873;10;8;60;5;1;4;6;7;14;137;621;20110101
AT1;AT13;AT130;91801;1802;1;6403;324;194;314;154;79;78;74;53;61;782;4290;20110101
AT1;AT13;AT130;91801;1803;1;6941;698;311;269;227;129;160;113;36;50;889;4059;20110101
AT1;AT13;AT130;91801;1804;1;4158;154;50;170;66;45;17;31;29;43;404;3149;20110101
AT1;AT13;AT130;91801;1805;1;3942;67;26;213;31;17;16;13;49;44;474;2992;20110101
AT1;AT13;AT130;91801;1899;1;1;0;0;0;0;0;0;0;0;0;0;1;20110101
AT1;AT13;AT130;91901;1901;1;2621;63;41;109;36;15;14;23;25;33;343;1919;20110101
AT1;AT13;AT130;91901;1902;1;4357;271;174;84;78;54;36;28;47;31;550;3004;20110101
AT1;AT13;AT130;91901;1903;1;134;4;18;0;0;0;2;1;1;1;17;90;20110101
AT1;AT13;AT130;91901;1904;1;6148;243;185;243;111;56;52;43;61;61;974;4119;20110101
AT1;AT13;AT130;91901;1905;1;3154;94;46;148;40;25;17;26;32;37;477;2212;20110101
AT1;AT13;AT130;91901;1906;1;2360;32;13;99;18;14;13;5;23;20;350;1773;20110101
AT1;AT13;AT130;91901;1907;1;1309;15;10;52;9;2;5;7;6;14;161;1028;20110101
AT1;AT13;AT130;91901;1908;1;5703;184;114;153;103;39;35;26;67;43;622;4317;20110101
AT1;AT13;AT130;91901;1909;1;2060;41;95;104;33;28;14;21;12;32;474;1206;20110101
AT1;AT13;AT130;91901;1910;1;3762;54;31;163;27;23;10;18;36;33;397;2970;20110101
AT1;AT13;AT130;91901;1999;1;9;0;0;0;0;0;0;0;0;0;2;7;20110101
AT1;AT13;AT130;92001;2001;1;3893;299;331;43;67;116;49;32;27;22;427;2480;20110101
AT1;AT13;AT130;92001;2002;1;7810;869;781;122;224;222;105;137;35;71;1203;4041;20110101
AT1;AT13;AT130;92001;2003;1;6665;703;688;175;151;225;133;110;39;57;871;3513;20110101
AT1;AT13;AT130;92001;2004;1;4493;269;296;82;106;103;61;48;25;30;760;2713;20110101
AT1;AT13;AT130;92001;2005;1;5663;657;531;141;175;154;110;186;27;75;959;2648;20110101
AT1;AT13;AT130;92001;2006;1;4021;279;422;64;77;79;60;47;32;22;488;2451;20110101
AT1;AT13;AT130;92001;2007;1;6026;421;519;88;137;131;84;73;39;52;715;3767;20110101
AT1;AT13;AT130;92001;2008;1;2636;329;236;44;96;81;58;51;20;15;322;1384;20110101
AT1;AT13;AT130;92001;2099;1;38;4;0;0;2;0;0;0;0;0;2;30;20110101
AT1;AT13;AT130;92101;2101;1;642;17;1;8;2;1;1;2;7;1;15;587;20110101
AT1;AT13;AT130;92101;2102;1;3348;79;24;55;91;45;28;15;26;22;233;2730;20110101
AT1;AT13;AT130;92101;2103;1;2564;57;31;31;47;15;14;16;18;13;159;2163;20110101
AT1;AT13;AT130;92101;2104;1;1898;38;18;23;21;6;6;23;21;7;106;1629;20110101
AT1;AT13;AT130;92101;2105;1;8398;343;448;80;106;68;42;83;68;21;831;6308;20110101
AT1;AT13;AT130;92101;2106;1;411;44;4;2;2;8;6;7;3;4;21;310;20110101
AT1;AT13;AT130;92101;2107;1;1684;83;49;34;26;19;8;18;11;20;153;1263;20110101
AT1;AT13;AT130;92101;2108;1;1121;33;27;15;14;7;7;5;8;6;63;936;20110101
AT1;AT13;AT130;92101;2109;1;3274;90;69;56;110;19;8;20;37;14;208;2643;20110101
AT1;AT13;AT130;92101;2110;1;2637;128;66;28;35;39;29;21;20;4;218;2049;20110101
AT1;AT13;AT130;92101;2111;1;2218;72;43;39;59;37;32;18;17;10;265;1626;20110101
AT1;AT13;AT130;92101;2112;1;3477;145;259;28;66;26;18;31;15;8;322;2559;20110101
AT1;AT13;AT130;92101;2113;1;2165;34;18;45;22;11;12;15;13;9;130;1856;20110101
AT1;AT13;AT130;92101;2114;1;2362;74;64;25;25;21;11;22;28;12;134;1946;20110101
AT1;AT13;AT130;92101;2115;1;1875;54;36;30;36;15;13;7;19;25;111;1529;20110101
AT1;AT13;AT130;92101;2116;1;1606;25;3;29;17;0;3;14;19;6;32;1458;20110101
AT1;AT13;AT130;92101;2117;1;3002;164;187;39;60;35;23;20;28;10;266;2170;20110101
AT1;AT13;AT130;92101;2118;1;3476;204;150;63;71;62;49;52;35;27;344;2419;20110101
AT1;AT13;AT130;92101;2119;1;1543;98;41;12;39;21;17;18;7;14;146;1130;20110101
AT1;AT13;AT130;92101;2120;1;788;58;34;13;33;37;20;4;8;5;91;485;20110101
AT1;AT13;AT130;92101;2121;1;3147;319;108;44;85;66;34;51;27;57;326;2030;20110101
AT1;AT13;AT130;92101;2122;1;3873;145;209;71;90;55;45;51;42;40;480;2645;20110101
AT1;AT13;AT130;92101;2123;1;4766;305;152;106;171;81;54;67;48;50;623;3109;20110101
AT1;AT13;AT130;92101;2124;1;1397;40;30;24;33;15;9;16;25;6;126;1073;20110101
AT1;AT13;AT130;92101;2125;1;1999;51;32;43;49;24;9;21;7;10;218;1535;20110101
AT1;AT13;AT130;92101;2126;1;3232;106;101;64;65;51;35;14;21;28;279;2468;20110101
AT1;AT13;AT130;92101;2127;1;746;12;5;17;6;5;4;3;18;1;98;577;20110101
AT1;AT13;AT130;92101;2128;1;166;21;14;6;9;6;5;0;1;0;36;68;20110101
AT1;AT13;AT130;92101;2129;1;4;0;0;0;0;0;0;0;0;0;1;3;20110101
AT1;AT13;AT130;92101;2130;1;12;0;0;0;3;0;0;1;0;1;2;5;20110101
AT1;AT13;AT130;92101;2199;1;301;5;0;4;2;2;0;0;0;1;3;284;20110101
AT1;AT13;AT130;92201;2201;1;1029;16;20;21;18;5;8;12;5;6;85;833;20110101
AT1;AT13;AT130;92201;2202;1;2132;66;31;28;33;23;18;22;10;4;214;1683;20110101
AT1;AT13;AT130;92201;2203;1;670;23;4;10;3;1;4;10;15;5;36;559;20110101
AT1;AT13;AT130;92201;2204;1;1924;29;24;29;39;8;7;14;26;18;71;1659;20110101
AT1;AT13;AT130;92201;2205;1;2462;33;17;32;37;8;7;15;25;11;140;2137;20110101
AT1;AT13;AT130;92201;2206;1;5401;169;175;64;87;35;13;27;32;9;453;4337;20110101
AT1;AT13;AT130;92201;2207;1;2255;32;8;47;40;15;14;19;21;11;152;1896;20110101
AT1;AT13;AT130;92201;2208;1;7237;330;257;85;202;136;65;102;56;17;1001;4986;20110101
AT1;AT13;AT130;92201;2209;1;6332;252;247;100;127;62;50;55;55;27;693;4664;20110101
AT1;AT13;AT130;92201;2210;1;2844;59;49;38;51;21;34;37;15;10;456;2074;20110101
AT1;AT13;AT130;92201;2211;1;5182;197;128;87;120;64;47;74;56;42;605;3762;20110101
AT1;AT13;AT130;92201;2212;1;1632;71;87;20;30;11;11;8;18;11;232;1133;20110101
AT1;AT13;AT130;92201;2213;1;2993;116;89;39;45;25;23;18;25;9;307;2297;20110101
AT1;AT13;AT130;92201;2214;1;2340;37;31;29;19;5;5;7;18;4;106;2079;20110101
AT1;AT13;AT130;92201;2215;1;3918;155;194;43;60;29;14;42;46;27;329;2979;20110101
AT1;AT13;AT130;92201;2216;1;566;23;20;8;8;8;9;2;3;7;43;435;20110101
AT1;AT13;AT130;92201;2217;1;569;5;8;10;8;0;2;2;1;5;33;495;20110101
AT1;AT13;AT130;92201;2218;1;2365;64;48;33;35;23;18;21;24;6;174;1919;20110101
AT1;AT13;AT130;92201;2219;1;2828;198;104;54;50;46;31;35;26;27;331;1926;20110101
AT1;AT13;AT130;92201;2220;1;1421;57;65;22;12;12;8;16;9;14;177;1029;20110101
AT1;AT13;AT130;92201;2221;1;524;21;6;11;5;3;0;3;6;2;33;434;20110101
AT1;AT13;AT130;92201;2222;1;2797;48;17;32;168;26;19;24;26;11;258;2168;20110101
AT1;AT13;AT130;92201;2223;1;2129;63;26;44;38;13;12;21;15;13;241;1643;20110101
AT1;AT13;AT130;92201;2224;1;2792;39;15;46;91;22;15;22;21;20;191;2310;20110101
AT1;AT13;AT130;92201;2225;1;883;13;3;13;6;2;8;6;10;3;50;769;20110101
AT1;AT13;AT130;92201;2226;1;1856;32;5;37;12;5;1;10;33;12;121;1588;20110101
AT1;AT13;AT130;92201;2227;1;3106;47;15;73;37;16;8;26;22;19;216;2627;20110101
AT1;AT13;AT130;92201;2228;1;1732;38;20;31;22;11;8;10;10;13;145;1424;20110101
AT1;AT13;AT130;92201;2229;1;1632;53;32;26;13;5;5;8;24;10;143;1313;20110101
AT1;AT13;AT130;92201;2230;1;13;1;0;0;0;2;0;0;0;0;2;8;20110101
AT1;AT13;AT130;92201;2231;1;47;2;0;3;0;1;0;0;1;0;2;38;20110101
AT1;AT13;AT130;92201;2232;1;2104;79;33;44;91;69;24;20;16;9;439;1280;20110101
AT1;AT13;AT130;92201;2299;1;418;10;5;8;4;0;1;1;4;6;20;359;20110101
AT1;AT13;AT130;92301;2301;1;1156;79;17;24;17;11;14;17;12;10;105;850;20110101
AT1;AT13;AT130;92301;2302;1;2152;173;46;33;48;57;41;24;11;11;170;1538;20110101
AT1;AT13;AT130;92301;2303;1;1666;36;14;25;12;10;10;8;10;13;108;1420;20110101
AT1;AT13;AT130;92301;2304;1;3458;118;126;44;53;121;77;31;21;28;265;2574;20110101
AT1;AT13;AT130;92301;2305;1;4264;147;167;65;92;73;46;44;31;22;330;3247;20110101
AT1;AT13;AT130;92301;2306;1;447;26;3;10;11;8;6;4;1;1;14;363;20110101
AT1;AT13;AT130;92301;2307;1;4066;187;159;73;57;79;65;43;27;24;279;3073;20110101
AT1;AT13;AT130;92301;2308;1;1902;46;64;45;26;13;17;13;18;27;129;1504;20110101
AT1;AT13;AT130;92301;2309;1;3126;68;60;82;28;44;22;28;48;20;178;2548;20110101
AT1;AT13;AT130;92301;2310;1;2384;108;58;44;27;23;20;16;18;15;129;1926;20110101
AT1;AT13;AT130;92301;2311;1;3282;115;88;98;59;46;25;15;22;25;200;2589;20110101
AT1;AT13;AT130;92301;2312;1;2596;115;60;73;33;17;11;14;16;18;148;2091;20110101
AT1;AT13;AT130;92301;2313;1;1939;14;7;51;14;7;2;7;29;5;88;1715;20110101
AT1;AT13;AT130;92301;2314;1;2254;37;19;75;21;16;5;10;28;8;125;1910;20110101
AT1;AT13;AT130;92301;2315;1;990;5;6;48;13;1;6;3;14;9;44;841;20110101
AT1;AT13;AT130;92301;2316;1;978;21;13;35;14;4;3;8;17;3;57;803;20110101
AT1;AT13;AT130;92301;2317;1;128;7;4;7;3;1;0;0;1;1;20;84;20110101
AT1;AT13;AT130;92301;2318;1;2645;63;70;40;38;21;16;13;20;23;120;2221;20110101
AT1;AT13;AT130;92301;2319;1;4418;86;82;75;86;38;23;27;57;35;230;3679;20110101
AT1;AT13;AT130;92301;2399;1;45;1;3;2;1;1;0;0;1;0;10;26;20110101
AT1;AT13;AT130;90101;0101;2;2080;59;11;104;41;11;13;30;34;32;380;1365;20120101
AT1;AT13;AT130;90101;0102;2;877;20;1;36;20;4;9;19;10;15;221;522;20120101
AT1;AT13;AT130;90101;0103;2;1123;63;12;54;19;9;8;18;16;15;277;632;20120101
AT1;AT13;AT130;90101;0104;2;841;24;6;35;13;2;6;14;15;9;168;549;20120101
AT1;AT13;AT130;90101;0105;2;1146;33;8;40;16;5;12;19;14;14;214;771;20120101
AT1;AT13;AT130;90101;0106;2;1423;32;13;56;25;7;24;15;31;15;242;963;20120101
AT1;AT13;AT130;90101;0107;2;1394;42;14;71;23;15;16;23;28;25;306;831;20120101
AT1;AT13;AT130;90201;0201;2;5460;295;283;104;180;124;59;80;71;49;829;3386;20120101
AT1;AT13;AT130;90201;0202;2;5712;676;345;180;162;133;76;141;58;56;898;2987;20120101
AT1;AT13;AT130;90201;0203;2;6485;392;166;294;138;96;89;108;84;77;951;4090;20120101
AT1;AT13;AT130;90201;0204;2;7509;440;224;294;141;125;86;146;65;110;1312;4566;20120101
AT1;AT13;AT130;90201;0205;2;4762;259;116;170;112;65;51;85;62;69;1003;2770;20120101
AT1;AT13;AT130;90201;0206;2;3439;184;77;118;80;37;31;64;55;36;374;2383;20120101
AT1;AT13;AT130;90201;0207;2;6538;889;312;227;220;145;94;192;68;71;1106;3214;20120101
AT1;AT13;AT130;90201;0208;2;1094;69;26;20;16;10;5;6;19;8;130;785;20120101
AT1;AT13;AT130;90201;0209;2;8411;674;568;143;252;161;72;169;120;60;1079;5113;20120101
AT1;AT13;AT130;90201;0299;2;3;0;0;0;0;0;0;0;0;0;0;3;20120101
AT1;AT13;AT130;90301;0301;2;5786;299;103;293;142;88;51;91;62;63;751;3843;20120101
AT1;AT13;AT130;90301;0302;2;4650;186;40;238;76;51;40;52;69;46;619;3233;20120101
AT1;AT13;AT130;90301;0303;2;3324;114;40;167;61;29;22;31;56;55;626;2123;20120101
AT1;AT13;AT130;90301;0304;2;5618;442;150;218;237;143;77;132;90;69;1018;3042;20120101
AT1;AT13;AT130;90301;0305;2;4285;235;98;182;111;76;45;85;71;54;570;2758;20120101
AT1;AT13;AT130;90301;0306;2;8009;509;308;222;213;155;119;123;101;88;992;5179;20120101
AT1;AT13;AT130;90301;0307;2;2826;196;124;46;76;46;28;65;54;28;371;1792;20120101
AT1;AT13;AT130;90301;0308;2;847;14;1;37;11;2;1;8;21;8;76;668;20120101
AT1;AT13;AT130;90301;0309;2;4629;175;58;251;95;42;24;57;81;54;658;3134;20120101
AT1;AT13;AT130;90301;0310;2;3916;346;253;96;131;76;42;66;45;31;580;2250;20120101
AT1;AT13;AT130;90301;0311;2;1431;116;81;14;51;27;17;17;19;15;156;918;20120101
AT1;AT13;AT130;90301;0399;2;5;0;0;0;0;0;0;0;0;0;0;5;20120101
AT1;AT13;AT130;90401;0401;2;1243;35;21;72;21;16;21;18;13;18;304;704;20120101
AT1;AT13;AT130;90401;0402;2;5189;233;114;307;115;55;51;104;67;65;979;3099;20120101
AT1;AT13;AT130;90401;0403;2;6557;286;89;338;139;65;58;94;83;87;1086;4232;20120101
AT1;AT13;AT130;90401;0404;2;3657;176;85;164;72;54;32;50;45;44;570;2365;20120101
AT1;AT13;AT130;90401;0499;2;7;0;0;0;0;0;1;0;0;0;4;2;20120101
AT1;AT13;AT130;90501;0501;2;5888;330;137;282;138;85;44;95;69;55;739;3914;20120101
AT1;AT13;AT130;90501;0502;2;9925;901;580;278;301;240;129;197;133;95;1621;5450;20120101
AT1;AT13;AT130;90501;0503;2;8338;900;494;272;283;233;123;177;79;84;1242;4451;20120101
AT1;AT13;AT130;90501;0504;2;3209;221;88;140;80;70;42;72;29;42;469;1956;20120101
AT1;AT13;AT130;90501;0599;2;4;0;0;0;0;0;0;1;0;0;3;0;20120101
AT1;AT13;AT130;90601;0601;2;3886;146;58;214;86;47;28;38;33;76;607;2553;20120101
AT1;AT13;AT130;90601;0602;2;4713;262;132;178;140;63;50;75;52;69;813;2879;20120101
AT1;AT13;AT130;90601;0603;2;7011;329;143;336;159;82;67;89;72;83;994;4657;20120101
AT1;AT13;AT130;90701;0701;2;2900;147;55;206;52;31;27;34;37;25;390;1896;20120101
AT1;AT13;AT130;90701;0702;2;1561;51;15;95;22;10;21;26;12;33;256;1020;20120101
AT1;AT13;AT130;90701;0703;2;2442;114;36;137;44;38;28;46;16;34;316;1633;20120101
AT1;AT13;AT130;90701;0704;2;5315;271;133;279;91;76;64;67;65;68;761;3440;20120101
AT1;AT13;AT130;90701;0705;2;4060;291;101;230;113;77;44;82;41;58;548;2475;20120101
AT1;AT13;AT130;90801;0801;2;2530;106;31;151;44;38;29;32;26;31;394;1648;20120101
AT1;AT13;AT130;90801;0802;2;6083;211;89;337;114;44;34;70;69;64;929;4122;20120101
AT1;AT13;AT130;90801;0803;2;3919;194;69;205;86;32;33;27;38;57;543;2635;20120101
AT1;AT13;AT130;90901;0901;2;4344;273;95;193;88;58;33;62;51;52;580;2859;20120101
AT1;AT13;AT130;90901;0902;2;5799;307;86;295;110;53;57;54;87;93;845;3812;20120101
AT1;AT13;AT130;90901;0903;2;2203;123;56;122;60;36;30;35;35;30;289;1387;20120101
AT1;AT13;AT130;90901;0904;2;4832;228;96;286;111;100;85;57;55;82;739;2993;20120101
AT1;AT13;AT130;90901;0905;2;2844;66;25;173;39;17;21;43;35;29;506;1890;20120101
AT1;AT13;AT130;90901;0906;2;1113;39;10;55;17;10;9;18;16;8;197;734;20120101
AT1;AT13;AT130;91001;1001;2;449;56;42;11;25;25;12;14;1;4;53;206;20120101
AT1;AT13;AT130;91001;1002;2;9544;1073;987;150;288;306;168;243;84;130;1314;4801;20120101
AT1;AT13;AT130;91001;1003;2;3563;367;264;54;107;115;53;41;46;50;363;2103;20120101
AT1;AT13;AT130;91001;1004;2;3910;539;403;82;117;106;51;111;43;39;614;1805;20120101
AT1;AT13;AT130;91001;1005;2;8822;975;866;123;275;345;175;213;71;94;1104;4581;20120101
AT1;AT13;AT130;91001;1006;2;6007;787;741;84;208;322;132;165;47;46;907;2568;20120101
AT1;AT13;AT130;91001;1007;2;6280;571;348;107;152;206;92;119;75;62;686;3862;20120101
AT1;AT13;AT130;91001;1008;2;4840;571;473;82;163;212;82;133;38;47;628;2411;20120101
AT1;AT13;AT130;91001;1009;2;2488;203;133;30;54;84;17;53;37;22;206;1649;20120101
AT1;AT13;AT130;91001;1010;2;8521;725;678;121;154;270;66;111;104;62;740;5490;20120101
AT1;AT13;AT130;91001;1011;2;4565;247;411;48;71;54;26;34;56;22;431;3165;20120101
AT1;AT13;AT130;91001;1012;2;1249;48;33;31;43;36;10;23;7;14;210;794;20120101
AT1;AT13;AT130;91001;1013;2;2665;178;81;41;26;35;20;18;42;13;110;2101;20120101
AT1;AT13;AT130;91001;1014;2;2168;112;56;41;23;21;13;12;24;18;100;1748;20120101
AT1;AT13;AT130;91001;1015;2;3031;152;106;42;65;113;50;32;25;21;215;2210;20120101
AT1;AT13;AT130;91001;1016;2;3083;85;56;52;36;23;7;20;52;28;198;2526;20120101
AT1;AT13;AT130;91001;1017;2;454;8;3;7;1;1;0;1;2;4;17;410;20120101
AT1;AT13;AT130;91001;1018;2;2258;52;16;46;40;25;14;17;19;17;125;1887;20120101
AT1;AT13;AT130;91001;1019;2;1409;58;18;32;22;11;7;24;14;16;93;1114;20120101
AT1;AT13;AT130;91001;1020;2;5184;188;303;78;75;34;26;45;78;35;228;4094;20120101
AT1;AT13;AT130;91001;1021;2;3581;102;95;51;86;28;22;17;31;25;237;2887;20120101
AT1;AT13;AT130;91001;1022;2;3331;320;214;67;165;139;45;104;40;42;512;1683;20120101
AT1;AT13;AT130;91001;1023;2;4889;491;423;67;108;140;75;119;63;37;469;2897;20120101
AT1;AT13;AT130;91001;1099;2;244;13;13;3;12;3;2;0;0;0;17;181;20120101
AT1;AT13;AT130;91101;1101;2;915;31;22;51;21;9;7;19;13;18;178;546;20120101
AT1;AT13;AT130;91101;1102;2;6963;680;436;93;177;195;76;149;75;71;768;4243;20120101
AT1;AT13;AT130;91101;1103;2;8164;773;638;122;244;245;166;171;78;89;1001;4637;20120101
AT1;AT13;AT130;91101;1104;2;2254;222;127;16;57;65;25;31;23;25;231;1432;20120101
AT1;AT13;AT130;91101;1105;2;5530;307;252;83;136;108;38;77;53;38;425;4013;20120101
AT1;AT13;AT130;91101;1106;2;152;10;9;0;1;2;1;2;1;2;6;118;20120101
AT1;AT13;AT130;91101;1107;2;3508;192;166;55;75;53;30;45;47;28;210;2607;20120101
AT1;AT13;AT130;91101;1108;2;426;7;3;5;5;8;3;0;3;3;21;368;20120101
AT1;AT13;AT130;91101;1109;2;1254;47;12;29;36;9;8;41;8;12;65;987;20120101
AT1;AT13;AT130;91101;1110;2;13207;605;714;223;317;310;117;257;121;117;965;9461;20120101
AT1;AT13;AT130;91101;1111;2;2208;94;79;27;45;41;17;66;24;44;482;1289;20120101
AT1;AT13;AT130;91101;1112;2;166;3;2;3;0;3;2;13;0;3;2;135;20120101
AT1;AT13;AT130;91101;1113;2;2377;106;62;66;81;36;39;38;31;23;169;1726;20120101
AT1;AT13;AT130;91101;1199;2;55;0;0;1;0;0;0;0;0;1;0;53;20120101
AT1;AT13;AT130;91201;1201;2;2057;206;116;44;56;74;35;37;27;28;324;1110;20120101
AT1;AT13;AT130;91201;1202;2;8997;938;532;178;372;306;162;168;92;101;1157;4991;20120101
AT1;AT13;AT130;91201;1203;2;2588;236;245;37;52;66;27;45;30;16;321;1513;20120101
AT1;AT13;AT130;91201;1204;2;4292;409;228;114;133;108;79;136;42;58;642;2343;20120101
AT1;AT13;AT130;91201;1205;2;4312;376;262;98;126;125;62;80;56;44;471;2612;20120101
AT1;AT13;AT130;91201;1206;2;4474;471;161;201;153;129;77;78;49;62;498;2595;20120101
AT1;AT13;AT130;91201;1207;2;3582;215;174;74;79;47;35;40;44;31;316;2527;20120101
AT1;AT13;AT130;91201;1208;2;2345;212;133;36;69;92;49;22;51;16;220;1445;20120101
AT1;AT13;AT130;91201;1209;2;4104;296;378;29;68;74;26;47;27;23;591;2545;20120101
AT1;AT13;AT130;91201;1210;2;4869;220;230;92;113;162;77;61;47;42;436;3389;20120101
AT1;AT13;AT130;91201;1211;2;5050;144;75;155;88;53;33;57;69;46;340;3990;20120101
AT1;AT13;AT130;91201;1299;2;5;0;0;0;0;0;0;0;0;0;0;5;20120101
AT1;AT13;AT130;91301;1301;2;241;16;1;19;1;2;1;5;6;2;14;174;20120101
AT1;AT13;AT130;91301;1302;2;3319;68;26;235;75;14;21;22;40;38;376;2404;20120101
AT1;AT13;AT130;91301;1303;2;4860;147;41;249;96;41;21;49;66;63;520;3567;20120101
AT1;AT13;AT130;91301;1304;2;5578;113;40;254;104;24;37;41;108;66;491;4300;20120101
AT1;AT13;AT130;91301;1305;2;2321;73;4;93;32;17;8;27;40;19;198;1810;20120101
AT1;AT13;AT130;91301;1306;2;1370;31;4;68;31;13;7;9;12;13;148;1034;20120101
AT1;AT13;AT130;91301;1307;2;1788;72;35;54;30;30;9;13;41;25;142;1337;20120101
AT1;AT13;AT130;91301;1308;2;3519;83;27;118;52;19;18;29;65;52;295;2761;20120101
AT1;AT13;AT130;91301;1309;2;2648;94;40;58;40;16;8;19;58;19;203;2093;20120101
AT1;AT13;AT130;91301;1310;2;31;1;2;0;0;1;0;0;0;0;0;27;20120101
AT1;AT13;AT130;91301;1311;2;2260;18;3;77;26;3;6;9;39;7;166;1906;20120101
AT1;AT13;AT130;91301;1399;2;29;0;0;1;0;1;0;0;0;0;5;22;20120101
AT1;AT13;AT130;91401;1401;2;3452;297;93;103;106;76;58;36;41;29;330;2283;20120101
AT1;AT13;AT130;91401;1402;2;4269;596;289;126;195;157;96;120;49;46;449;2146;20120101
AT1;AT13;AT130;91401;1403;2;4646;281;83;207;113;70;45;54;56;50;486;3201;20120101
AT1;AT13;AT130;91401;1404;2;10135;837;354;216;302;274;146;192;120;101;846;6747;20120101
AT1;AT13;AT130;91401;1405;2;2144;94;57;50;33;27;9;16;23;18;111;1706;20120101
AT1;AT13;AT130;91401;1406;2;6405;348;142;162;159;125;71;90;88;60;577;4583;20120101
AT1;AT13;AT130;91401;1407;2;1561;144;62;17;38;33;19;15;16;2;122;1093;20120101
AT1;AT13;AT130;91401;1408;2;2053;62;26;52;21;17;16;17;25;19;139;1659;20120101
AT1;AT13;AT130;91401;1409;2;117;1;1;1;3;0;1;2;1;1;1;105;20120101
AT1;AT13;AT130;91401;1410;2;3895;113;35;143;52;32;28;41;55;25;290;3081;20120101
AT1;AT13;AT130;91401;1411;2;3411;20;8;130;32;6;8;21;74;26;191;2895;20120101
AT1;AT13;AT130;91401;1412;2;2959;59;20;95;38;19;15;17;31;19;189;2457;20120101
AT1;AT13;AT130;91401;1499;2;63;1;0;3;3;1;0;1;1;1;3;49;20120101
AT1;AT13;AT130;91501;1501;2;5423;548;283;154;148;163;87;101;70;80;573;3216;20120101
AT1;AT13;AT130;91501;1502;2;4624;633;303;139;214;188;131;106;29;51;665;2165;20120101
AT1;AT13;AT130;91501;1503;2;6023;801;384;186;190;236;164;167;47;93;999;2756;20120101
AT1;AT13;AT130;91501;1504;2;3678;405;302;81;134;137;103;57;36;58;606;1759;20120101
AT1;AT13;AT130;91501;1505;2;5688;527;309;176;147;195;76;154;67;66;716;3255;20120101
AT1;AT13;AT130;91501;1506;2;7091;1013;465;154;291;274;153;215;49;71;832;3574;20120101
AT1;AT13;AT130;91501;1507;2;4509;416;241;88;125;134;69;62;59;35;332;2948;20120101
AT1;AT13;AT130;91501;1599;2;25;0;0;2;0;1;0;3;0;2;16;1;20120101
AT1;AT13;AT130;91601;1601;2;6902;798;587;217;197;213;129;190;53;67;869;3582;20120101
AT1;AT13;AT130;91601;1602;2;4064;612;439;94;171;154;84;130;28;46;605;1701;20120101
AT1;AT13;AT130;91601;1603;2;6321;630;397;106;174;157;100;77;75;51;540;4014;20120101
AT1;AT13;AT130;91601;1604;2;4182;386;217;97;126;100;63;85;49;32;378;2649;20120101
AT1;AT13;AT130;91601;1605;2;7945;921;346;175;291;248;177;158;61;84;767;4717;20120101
AT1;AT13;AT130;91601;1606;2;5325;482;318;102;115;103;63;47;63;23;478;3531;20120101
AT1;AT13;AT130;91601;1607;2;5174;472;299;97;157;98;53;66;44;30;445;3413;20120101
AT1;AT13;AT130;91601;1608;2;1885;51;39;34;23;12;9;9;31;15;74;1588;20120101
AT1;AT13;AT130;91601;1609;2;2767;25;13;101;28;11;13;7;38;19;145;2367;20120101
AT1;AT13;AT130;91601;1610;2;5048;888;552;125;178;205;148;134;46;32;648;2092;20120101
AT1;AT13;AT130;91601;1699;2;88;1;0;4;0;3;1;1;2;0;2;74;20120101
AT1;AT13;AT130;91701;1701;2;5400;630;242;157;234;136;98;148;52;54;647;3002;20120101
AT1;AT13;AT130;91701;1702;2;7142;837;335;205;254;221;123;146;64;71;951;3935;20120101
AT1;AT13;AT130;91701;1703;2;8707;973;382;225;272;292;186;141;92;84;833;5227;20120101
AT1;AT13;AT130;91701;1704;2;2071;59;15;71;25;16;10;12;40;10;140;1673;20120101
AT1;AT13;AT130;91701;1705;2;3181;125;39;115;42;16;20;13;46;20;246;2499;20120101
AT1;AT13;AT130;91701;1706;2;1299;29;10;51;15;6;4;9;23;21;190;941;20120101
AT1;AT13;AT130;91701;1799;2;22;0;0;0;0;0;0;0;0;0;1;21;20120101
AT1;AT13;AT130;91801;1801;2;1150;8;3;85;6;1;8;10;19;9;188;813;20120101
AT1;AT13;AT130;91801;1802;2;7464;391;168;361;164;86;68;79;104;80;943;5020;20120101
AT1;AT13;AT130;91801;1803;2;7746;657;215;353;247;165;149;175;75;108;955;4647;20120101
AT1;AT13;AT130;91801;1804;2;4849;165;48;188;99;41;15;51;59;56;561;3566;20120101
AT1;AT13;AT130;91801;1805;2;5034;75;23;254;53;13;18;43;82;52;639;3782;20120101
AT1;AT13;AT130;91901;1901;2;3116;79;37;151;52;17;12;25;53;43;409;2238;20120101
AT1;AT13;AT130;91901;1902;2;5244;314;169;119;118;58;49;53;74;63;619;3608;20120101
AT1;AT13;AT130;91901;1903;2;137;3;6;3;4;3;3;3;0;5;22;85;20120101
AT1;AT13;AT130;91901;1904;2;7312;285;155;274;150;76;64;82;114;92;1076;4944;20120101
AT1;AT13;AT130;91901;1905;2;3886;121;42;189;53;32;27;27;53;67;587;2688;20120101
AT1;AT13;AT130;91901;1906;2;2614;24;11;102;26;15;9;10;44;30;414;1929;20120101
AT1;AT13;AT130;91901;1907;2;1570;24;8;77;21;2;4;20;30;17;205;1162;20120101
AT1;AT13;AT130;91901;1908;2;6937;260;106;219;160;58;39;53;143;91;722;5086;20120101
AT1;AT13;AT130;91901;1909;2;2248;59;40;127;44;21;13;32;29;42;534;1307;20120101
AT1;AT13;AT130;91901;1910;2;4709;77;29;198;69;18;15;36;68;57;574;3568;20120101
AT1;AT13;AT130;91901;1999;2;4;0;0;0;0;0;0;1;0;0;1;2;20120101
AT1;AT13;AT130;92001;2001;2;4263;332;333;47;97;131;44;46;56;34;517;2626;20120101
AT1;AT13;AT130;92001;2002;2;7483;815;650;138;252;214;89;159;77;57;1065;3967;20120101
AT1;AT13;AT130;92001;2003;2;6998;717;552;196;169;176;126;135;72;68;890;3897;20120101
AT1;AT13;AT130;92001;2004;2;4909;310;295;79;159;127;72;80;67;49;836;2835;20120101
AT1;AT13;AT130;92001;2005;2;5600;653;490;157;204;148;79;201;48;43;809;2768;20120101
AT1;AT13;AT130;92001;2006;2;4367;318;355;59;103;77;50;67;50;45;539;2704;20120101
AT1;AT13;AT130;92001;2007;2;6766;541;518;91;188;151;71;85;80;63;801;4177;20120101
AT1;AT13;AT130;92001;2008;2;2797;291;193;64;106;75;54;67;30;32;331;1554;20120101
AT1;AT13;AT130;92001;2099;2;44;2;2;0;1;0;0;1;3;0;3;32;20120101
AT1;AT13;AT130;92101;2101;2;692;14;1;11;13;3;0;6;5;2;15;622;20120101
AT1;AT13;AT130;92101;2102;2;3618;76;34;71;128;52;25;14;32;41;281;2864;20120101
AT1;AT13;AT130;92101;2103;2;2836;59;30;47;97;14;9;14;22;26;195;2323;20120101
AT1;AT13;AT130;92101;2104;2;2021;54;21;33;25;13;11;30;28;8;132;1666;20120101
AT1;AT13;AT130;92101;2105;2;9725;435;475;115;161;84;33;107;160;48;969;7138;20120101
AT1;AT13;AT130;92101;2106;2;432;44;4;4;4;5;3;12;6;2;32;316;20120101
AT1;AT13;AT130;92101;2107;2;1635;85;27;26;46;25;8;19;22;19;165;1193;20120101
AT1;AT13;AT130;92101;2108;2;1364;41;29;19;12;18;7;10;11;13;102;1102;20120101
AT1;AT13;AT130;92101;2109;2;3577;104;58;63;160;27;16;34;54;31;277;2753;20120101
AT1;AT13;AT130;92101;2110;2;2388;141;61;34;55;40;19;36;26;15;232;1729;20120101
AT1;AT13;AT130;92101;2111;2;2595;94;41;50;83;34;23;35;42;25;262;1906;20120101
AT1;AT13;AT130;92101;2112;2;3807;184;263;44;90;32;15;40;37;11;402;2689;20120101
AT1;AT13;AT130;92101;2113;2;2475;34;18;53;33;6;24;12;32;19;152;2092;20120101
AT1;AT13;AT130;92101;2114;2;2628;93;64;32;34;22;13;31;36;10;204;2089;20120101
AT1;AT13;AT130;92101;2115;2;2352;76;40;30;47;17;7;16;28;33;153;1905;20120101
AT1;AT13;AT130;92101;2116;2;1747;22;3;36;20;4;2;11;37;9;84;1519;20120101
AT1;AT13;AT130;92101;2117;2;3412;211;173;38;83;30;16;32;50;25;313;2441;20120101
AT1;AT13;AT130;92101;2118;2;3546;216;123;83;119;55;56;55;46;35;366;2392;20120101
AT1;AT13;AT130;92101;2119;2;1596;76;29;14;47;21;15;38;12;21;159;1164;20120101
AT1;AT13;AT130;92101;2120;2;848;79;34;17;35;34;13;8;11;5;93;519;20120101
AT1;AT13;AT130;92101;2121;2;3146;312;104;55;90;65;28;68;41;33;325;2025;20120101
AT1;AT13;AT130;92101;2122;2;4381;186;149;82;134;70;32;70;80;47;554;2977;20120101
AT1;AT13;AT130;92101;2123;2;5403;322;123;134;174;104;55;84;64;49;681;3613;20120101
AT1;AT13;AT130;92101;2124;2;2037;55;43;47;70;18;12;25;35;16;160;1556;20120101
AT1;AT13;AT130;92101;2125;2;2404;57;38;63;77;23;12;30;22;18;270;1794;20120101
AT1;AT13;AT130;92101;2126;2;3768;121;92;81;91;51;38;30;40;40;362;2822;20120101
AT1;AT13;AT130;92101;2127;2;766;7;5;22;9;6;4;7;16;4;116;570;20120101
AT1;AT13;AT130;92101;2128;2;128;18;12;2;3;8;8;2;0;1;23;51;20120101
AT1;AT13;AT130;92101;2129;2;45;0;0;0;0;0;0;0;0;0;0;45;20120101
AT1;AT13;AT130;92101;2130;2;4;0;0;0;0;0;0;0;0;0;1;3;20120101
AT1;AT13;AT130;92101;2199;2;200;1;0;1;1;2;0;1;1;2;5;186;20120101
AT1;AT13;AT130;92201;2201;2;1001;17;19;21;18;2;2;15;12;6;101;788;20120101
AT1;AT13;AT130;92201;2202;2;2316;60;27;47;31;24;11;26;19;9;263;1799;20120101
AT1;AT13;AT130;92201;2203;2;715;32;5;17;7;2;6;9;9;9;44;575;20120101
AT1;AT13;AT130;92201;2204;2;1977;45;18;36;37;13;2;15;30;16;119;1646;20120101
AT1;AT13;AT130;92201;2205;2;2730;35;18;48;79;9;5;20;36;22;218;2240;20120101
AT1;AT13;AT130;92201;2206;2;5942;194;180;61;151;46;23;38;72;37;557;4583;20120101
AT1;AT13;AT130;92201;2207;2;2442;45;10;43;72;17;14;25;25;21;222;1948;20120101
AT1;AT13;AT130;92201;2208;2;8184;383;269;94;303;140;60;123;78;59;1182;5493;20120101
AT1;AT13;AT130;92201;2209;2;7297;340;244;128;196;58;45;72;107;41;901;5165;20120101
AT1;AT13;AT130;92201;2210;2;3345;81;67;71;80;34;33;39;37;27;542;2334;20120101
AT1;AT13;AT130;92201;2211;2;5708;255;102;103;151;55;33;104;79;57;741;4028;20120101
AT1;AT13;AT130;92201;2212;2;1749;71;87;30;35;11;13;8;33;11;255;1195;20120101
AT1;AT13;AT130;92201;2213;2;3468;156;85;58;77;32;24;49;50;23;343;2571;20120101
AT1;AT13;AT130;92201;2214;2;2660;55;23;49;40;10;6;14;34;13;136;2280;20120101
AT1;AT13;AT130;92201;2215;2;4634;191;185;80;102;41;17;38;70;53;341;3516;20120101
AT1;AT13;AT130;92201;2216;2;599;22;12;9;11;5;0;1;7;3;41;488;20120101
AT1;AT13;AT130;92201;2217;2;808;13;5;12;15;2;4;9;9;7;56;676;20120101
AT1;AT13;AT130;92201;2218;2;2923;76;48;47;69;22;21;24;48;17;208;2343;20120101
AT1;AT13;AT130;92201;2219;2;2903;179;84;49;66;42;25;47;37;29;278;2067;20120101
AT1;AT13;AT130;92201;2220;2;1494;55;52;33;16;13;5;19;24;8;201;1068;20120101
AT1;AT13;AT130;92201;2221;2;1049;30;11;19;25;9;6;3;11;14;105;816;20120101
AT1;AT13;AT130;92201;2222;2;3380;76;19;49;240;31;17;29;54;14;291;2560;20120101
AT1;AT13;AT130;92201;2223;2;2262;82;16;35;38;11;6;16;21;30;279;1728;20120101
AT1;AT13;AT130;92201;2224;2;3020;50;15;53;127;25;14;30;38;25;258;2385;20120101
AT1;AT13;AT130;92201;2225;2;994;14;2;19;14;3;2;6;17;12;58;847;20120101
AT1;AT13;AT130;92201;2226;2;1905;34;1;59;25;3;3;15;26;18;155;1566;20120101
AT1;AT13;AT130;92201;2227;2;3274;53;15;73;53;11;19;17;35;27;262;2709;20120101
AT1;AT13;AT130;92201;2228;2;1883;54;15;31;48;15;11;11;17;15;154;1512;20120101
AT1;AT13;AT130;92201;2229;2;1784;62;30;37;30;7;6;15;25;16;170;1386;20120101
AT1;AT13;AT130;92201;2230;2;5;0;0;0;0;0;0;0;0;0;1;4;20120101
AT1;AT13;AT130;92201;2231;2;44;0;0;1;1;1;0;0;1;0;1;39;20120101
AT1;AT13;AT130;92201;2232;2;2156;83;30;51;139;67;29;24;23;19;527;1164;20120101
AT1;AT13;AT130;92201;2299;2;270;5;5;5;2;4;0;0;1;4;10;234;20120101
AT1;AT13;AT130;92301;2301;2;1247;70;14;30;22;21;11;25;15;8;125;906;20120101
AT1;AT13;AT130;92301;2302;2;2368;152;37;44;57;54;40;43;33;23;197;1688;20120101
AT1;AT13;AT130;92301;2303;2;1846;58;24;43;20;13;5;14;24;11;116;1518;20120101
AT1;AT13;AT130;92301;2304;2;4015;140;119;46;102;143;70;53;35;41;308;2958;20120101
AT1;AT13;AT130;92301;2305;2;4711;176;170;99;124;74;45;51;43;43;394;3492;20120101
AT1;AT13;AT130;92301;2306;2;471;33;2;11;10;4;6;4;3;1;28;369;20120101
AT1;AT13;AT130;92301;2307;2;4512;229;157;78;79;80;65;66;49;31;345;3333;20120101
AT1;AT13;AT130;92301;2308;2;2294;61;45;45;41;14;17;24;40;17;142;1848;20120101
AT1;AT13;AT130;92301;2309;2;3705;101;57;127;52;42;18;35;77;28;221;2947;20120101
AT1;AT13;AT130;92301;2310;2;2766;133;61;49;33;33;14;36;35;20;178;2174;20120101
AT1;AT13;AT130;92301;2311;2;4074;146;81;115;70;57;37;36;41;45;331;3115;20120101
AT1;AT13;AT130;92301;2312;2;2886;130;51;73;49;21;15;14;34;27;208;2264;20120101
AT1;AT13;AT130;92301;2313;2;2238;20;6;72;29;11;3;14;50;8;141;1884;20120101
AT1;AT13;AT130;92301;2314;2;2538;46;19;111;38;13;11;12;30;16;178;2064;20120101
AT1;AT13;AT130;92301;2315;2;1180;14;4;60;20;5;7;7;11;10;80;962;20120101
AT1;AT13;AT130;92301;2316;2;1246;22;13;54;17;6;5;9;47;9;91;973;20120101
AT1;AT13;AT130;92301;2317;2;123;9;4;4;2;0;1;1;2;1;22;77;20120101
AT1;AT13;AT130;92301;2318;2;2829;73;96;42;68;22;21;16;19;21;136;2315;20120101
AT1;AT13;AT130;92301;2319;2;5273;103;87;104;135;36;27;41;97;57;349;4237;20120101
AT1;AT13;AT130;92301;2399;2;51;1;5;0;2;1;1;1;2;0;5;33;20120101
AT1;AT13;AT130;90101;0101;1;1937;51;8;125;27;7;17;18;19;25;384;1256;20120101
AT1;AT13;AT130;90101;0102;1;789;24;4;44;10;3;5;13;15;7;170;494;20120101
AT1;AT13;AT130;90101;0103;1;1048;43;14;44;5;6;10;11;10;15;228;662;20120101
AT1;AT13;AT130;90101;0104;1;746;23;6;37;5;2;4;6;9;6;125;523;20120101
AT1;AT13;AT130;90101;0105;1;1043;23;9;52;6;1;15;6;12;7;193;719;20120101
AT1;AT13;AT130;90101;0106;1;1277;28;5;73;12;9;13;8;12;6;202;909;20120101
AT1;AT13;AT130;90101;0107;1;1338;38;16;64;10;7;20;15;18;23;273;854;20120101
AT1;AT13;AT130;90201;0201;1;5263;274;307;108;118;142;53;44;39;34;718;3426;20120101
AT1;AT13;AT130;90201;0202;1;5746;687;415;192;203;171;90;123;29;62;983;2791;20120101
AT1;AT13;AT130;90201;0203;1;6098;379;211;266;110;81;97;78;37;60;954;3825;20120101
AT1;AT13;AT130;90201;0204;1;7140;468;283;299;124;123;80;106;42;87;1348;4180;20120101
AT1;AT13;AT130;90201;0205;1;4480;242;122;203;199;60;39;56;45;60;879;2575;20120101
AT1;AT13;AT130;90201;0206;1;3132;172;98;104;118;30;29;41;29;26;327;2158;20120101
AT1;AT13;AT130;90201;0207;1;6496;794;419;258;258;136;103;137;55;66;1117;3153;20120101
AT1;AT13;AT130;90201;0208;1;939;49;19;24;10;13;4;3;8;7;108;694;20120101
AT1;AT13;AT130;90201;0209;1;7691;626;582;134;212;132;63;129;56;54;1100;4603;20120101
AT1;AT13;AT130;90201;0210;1;2;0;0;0;0;0;0;0;0;0;2;0;20120101
AT1;AT13;AT130;90201;0299;1;2;0;0;0;0;0;0;0;0;0;0;2;20120101
AT1;AT13;AT130;90301;0301;1;5365;300;124;269;140;67;52;63;53;67;705;3525;20120101
AT1;AT13;AT130;90301;0302;1;4098;137;39;215;48;47;38;31;28;40;486;2989;20120101
AT1;AT13;AT130;90301;0303;1;2851;94;31;177;41;18;19;21;23;30;530;1867;20120101
AT1;AT13;AT130;90301;0304;1;5251;464;198;223;235;144;98;78;38;76;938;2759;20120101
AT1;AT13;AT130;90301;0305;1;3851;197;107;182;109;64;52;75;43;39;546;2437;20120101
AT1;AT13;AT130;90301;0306;1;7142;480;372;218;162;128;96;98;54;69;948;4517;20120101
AT1;AT13;AT130;90301;0307;1;2445;155;151;48;69;44;24;59;24;39;330;1502;20120101
AT1;AT13;AT130;90301;0308;1;877;10;10;37;2;6;1;3;13;7;89;699;20120101
AT1;AT13;AT130;90301;0309;1;4077;158;59;207;74;47;25;33;49;46;537;2842;20120101
AT1;AT13;AT130;90301;0310;1;3901;313;295;105;115;90;58;57;35;42;600;2191;20120101
AT1;AT13;AT130;90301;0311;1;1276;92;76;17;36;33;13;11;7;13;157;821;20120101
AT1;AT13;AT130;90301;0399;1;2;0;0;0;0;0;0;0;0;0;0;2;20120101
AT1;AT13;AT130;90401;0401;1;1136;34;15;75;21;10;19;18;9;8;248;679;20120101
AT1;AT13;AT130;90401;0402;1;4742;183;130;314;82;53;39;66;32;66;859;2918;20120101
AT1;AT13;AT130;90401;0403;1;5785;256;115;315;101;62;60;61;50;55;945;3765;20120101
AT1;AT13;AT130;90401;0404;1;3204;158;84;160;53;38;31;34;13;38;515;2080;20120101
AT1;AT13;AT130;90401;0499;1;6;0;0;0;0;0;2;0;0;0;3;1;20120101
AT1;AT13;AT130;90501;0501;1;5533;303;174;324;119;76;67;63;52;64;731;3560;20120101
AT1;AT13;AT130;90501;0502;1;9569;820;658;302;291;256;140;139;65;73;1592;5233;20120101
AT1;AT13;AT130;90501;0503;1;8069;844;552;300;270;245;121;125;56;74;1257;4225;20120101
AT1;AT13;AT130;90501;0504;1;3073;199;97;189;90;61;57;57;20;38;538;1727;20120101
AT1;AT13;AT130;90501;0599;1;3;0;0;0;0;0;1;0;0;0;1;1;20120101
AT1;AT13;AT130;90601;0601;1;3563;113;63;202;60;33;28;18;25;50;567;2404;20120101
AT1;AT13;AT130;90601;0602;1;4503;222;169;244;136;67;48;48;30;36;841;2662;20120101
AT1;AT13;AT130;90601;0603;1;6239;268;166;349;128;83;64;57;53;62;930;4079;20120101
AT1;AT13;AT130;90701;0701;1;2638;120;50;197;37;29;27;18;14;15;365;1766;20120101
AT1;AT13;AT130;90701;0702;1;1389;28;22;100;18;13;8;16;5;24;199;956;20120101
AT1;AT13;AT130;90701;0703;1;2173;95;37;114;17;28;29;25;13;24;286;1505;20120101
AT1;AT13;AT130;90701;0704;1;4722;217;145;281;79;79;50;40;32;40;723;3036;20120101
AT1;AT13;AT130;90701;0705;1;3733;241;118;224;95;56;40;42;24;46;551;2296;20120101
AT1;AT13;AT130;90801;0801;1;3006;168;43;136;65;40;24;109;27;51;658;1685;20120101
AT1;AT13;AT130;90801;0802;1;5204;170;92;357;78;49;31;37;49;45;735;3561;20120101
AT1;AT13;AT130;90801;0803;1;3615;155;71;199;71;46;33;39;22;40;535;2404;20120101
AT1;AT13;AT130;90801;0899;1;6;0;0;0;0;0;0;0;0;0;1;5;20120101
AT1;AT13;AT130;90901;0901;1;3941;216;99;227;61;70;41;53;29;35;535;2575;20120101
AT1;AT13;AT130;90901;0902;1;5316;262;80;299;144;58;46;43;43;44;925;3372;20120101
AT1;AT13;AT130;90901;0903;1;1976;115;68;116;63;32;24;22;15;28;310;1183;20120101
AT1;AT13;AT130;90901;0904;1;4549;245;131;267;111;86;89;45;33;47;788;2707;20120101
AT1;AT13;AT130;90901;0905;1;2491;42;31;174;30;12;7;21;16;24;453;1681;20120101
AT1;AT13;AT130;90901;0906;1;960;26;6;72;7;9;8;5;8;4;170;645;20120101
AT1;AT13;AT130;91001;1001;1;458;43;59;6;20;26;15;16;1;2;55;215;20120101
AT1;AT13;AT130;91001;1002;1;9508;1025;1085;143;290;295;184;176;46;101;1421;4742;20120101
AT1;AT13;AT130;91001;1003;1;3330;305;321;52;104;124;59;38;31;37;335;1924;20120101
AT1;AT13;AT130;91001;1004;1;4011;552;439;103;145;152;80;91;27;34;685;1703;20120101
AT1;AT13;AT130;91001;1005;1;8783;1002;1003;133;247;348;190;197;45;81;1128;4409;20120101
AT1;AT13;AT130;91001;1006;1;6160;738;910;93;247;320;134;135;32;48;998;2505;20120101
AT1;AT13;AT130;91001;1007;1;5801;515;433;99;188;203;107;93;54;60;649;3400;20120101
AT1;AT13;AT130;91001;1008;1;4784;532;538;95;186;237;88;126;28;61;687;2206;20120101
AT1;AT13;AT130;91001;1009;1;2257;170;168;20;38;73;23;26;12;25;195;1507;20120101
AT1;AT13;AT130;91001;1010;1;7724;633;741;98;119;241;81;81;71;39;758;4862;20120101
AT1;AT13;AT130;91001;1011;1;4311;200;401;39;41;46;19;17;26;25;432;3065;20120101
AT1;AT13;AT130;91001;1012;1;1248;35;36;31;21;41;9;13;3;7;169;883;20120101
AT1;AT13;AT130;91001;1013;1;2200;137;89;26;11;23;23;7;26;10;80;1768;20120101
AT1;AT13;AT130;91001;1014;1;1921;91;63;22;17;23;13;12;17;3;86;1574;20120101
AT1;AT13;AT130;91001;1015;1;2748;133;110;38;39;90;65;24;12;15;165;2057;20120101
AT1;AT13;AT130;91001;1016;1;2843;77;59;31;21;22;8;19;25;15;155;2411;20120101
AT1;AT13;AT130;91001;1017;1;440;10;3;4;4;1;2;1;2;1;11;401;20120101
AT1;AT13;AT130;91001;1018;1;2097;47;22;42;32;27;19;12;10;8;121;1757;20120101
AT1;AT13;AT130;91001;1019;1;1284;41;19;31;14;10;8;12;16;17;71;1045;20120101
AT1;AT13;AT130;91001;1020;1;4341;143;308;36;38;41;21;41;40;15;218;3440;20120101
AT1;AT13;AT130;91001;1021;1;2992;76;105;23;47;30;24;13;6;15;183;2470;20120101
AT1;AT13;AT130;91001;1022;1;3180;333;250;75;163;128;47;78;16;42;523;1525;20120101
AT1;AT13;AT130;91001;1023;1;4628;441;442;71;96;131;100;94;37;80;554;2582;20120101
AT1;AT13;AT130;91001;1099;1;250;10;14;1;6;5;2;1;0;0;5;206;20120101
AT1;AT13;AT130;91101;1101;1;965;27;78;34;12;7;10;7;10;7;157;616;20120101
AT1;AT13;AT130;91101;1102;1;6621;626;500;111;151;169;90;116;49;61;809;3939;20120101
AT1;AT13;AT130;91101;1103;1;8067;777;736;129;288;217;176;168;34;74;938;4530;20120101
AT1;AT13;AT130;91101;1104;1;2231;175;142;30;38;60;30;26;13;28;225;1464;20120101
AT1;AT13;AT130;91101;1105;1;5131;253;278;56;95;102;45;54;27;27;330;3864;20120101
AT1;AT13;AT130;91101;1106;1;170;10;6;0;2;4;2;4;0;1;5;136;20120101
AT1;AT13;AT130;91101;1107;1;2984;138;170;37;46;46;34;56;22;26;186;2223;20120101
AT1;AT13;AT130;91101;1108;1;398;11;3;9;3;8;6;1;4;2;18;333;20120101
AT1;AT13;AT130;91101;1109;1;1176;38;8;32;22;17;6;44;7;13;53;936;20120101
AT1;AT13;AT130;91101;1110;1;12073;533;786;170;245;294;167;215;59;73;766;8765;20120101
AT1;AT13;AT130;91101;1111;1;2469;118;84;38;45;38;15;70;27;138;642;1254;20120101
AT1;AT13;AT130;91101;1112;1;282;4;5;2;0;4;2;10;1;9;129;116;20120101
AT1;AT13;AT130;91101;1113;1;2247;85;75;50;73;29;31;33;22;23;176;1650;20120101
AT1;AT13;AT130;91101;1199;1;52;0;0;1;0;0;0;1;0;1;0;49;20120101
AT1;AT13;AT130;91201;1201;1;2030;202;119;52;61;73;38;29;21;19;380;1036;20120101
AT1;AT13;AT130;91201;1202;1;8403;880;593;154;362;284;191;133;43;61;1148;4554;20120101
AT1;AT13;AT130;91201;1203;1;2462;188;259;28;43;47;21;23;16;13;327;1497;20120101
AT1;AT13;AT130;91201;1204;1;4182;419;290;98;176;133;93;100;25;49;623;2176;20120101
AT1;AT13;AT130;91201;1205;1;3967;364;296;90;105;118;59;55;30;39;513;2298;20120101
AT1;AT13;AT130;91201;1206;1;4238;450;181;201;184;154;88;69;27;41;548;2295;20120101
AT1;AT13;AT130;91201;1207;1;2990;181;181;48;48;33;25;40;22;18;279;2115;20120101
AT1;AT13;AT130;91201;1208;1;2161;209;158;33;79;90;57;23;14;10;191;1297;20120101
AT1;AT13;AT130;91201;1209;1;3873;226;358;31;37;79;34;42;21;11;530;2504;20120101
AT1;AT13;AT130;91201;1210;1;4479;199;336;98;84;150;77;51;24;22;419;3019;20120101
AT1;AT13;AT130;91201;1211;1;4181;156;87;115;43;43;25;36;43;27;295;3311;20120101
AT1;AT13;AT130;91201;1299;1;2;0;0;1;0;0;0;0;0;0;0;1;20120101
AT1;AT13;AT130;91301;1301;1;212;11;0;8;1;4;3;5;1;1;15;163;20120101
AT1;AT13;AT130;91301;1302;1;2750;56;32;175;39;7;17;18;24;27;288;2067;20120101
AT1;AT13;AT130;91301;1303;1;4042;132;54;195;66;45;23;31;36;48;420;2992;20120101
AT1;AT13;AT130;91301;1304;1;4539;91;48;184;72;17;29;29;53;51;379;3586;20120101
AT1;AT13;AT130;91301;1305;1;1926;53;12;81;20;11;4;19;27;16;143;1540;20120101
AT1;AT13;AT130;91301;1306;1;1149;18;4;54;23;5;13;6;7;5;116;898;20120101
AT1;AT13;AT130;91301;1307;1;1436;66;35;31;23;18;9;14;19;13;110;1098;20120101
AT1;AT13;AT130;91301;1308;1;2898;74;31;98;25;15;11;20;27;27;230;2340;20120101
AT1;AT13;AT130;91301;1309;1;2156;64;34;31;24;15;9;12;15;17;153;1782;20120101
AT1;AT13;AT130;91301;1310;1;45;2;1;1;0;2;1;0;0;0;1;37;20120101
AT1;AT13;AT130;91301;1311;1;2079;11;4;76;20;3;4;4;17;6;110;1824;20120101
AT1;AT13;AT130;91301;1399;1;23;0;0;1;0;0;0;0;0;0;1;21;20120101
AT1;AT13;AT130;91401;1401;1;3259;282;102;104;94;81;66;25;21;24;314;2146;20120101
AT1;AT13;AT130;91401;1402;1;4166;511;338;122;205;152;103;81;25;37;503;2089;20120101
AT1;AT13;AT130;91401;1403;1;4085;234;99;180;95;62;45;33;32;38;432;2835;20120101
AT1;AT13;AT130;91401;1404;1;9049;752;376;175;296;277;147;150;54;66;891;5865;20120101
AT1;AT13;AT130;91401;1405;1;1976;67;62;38;24;24;11;11;10;10;87;1632;20120101
AT1;AT13;AT130;91401;1406;1;5480;313;161;135;147;114;67;67;43;37;509;3887;20120101
AT1;AT13;AT130;91401;1407;1;1351;116;68;16;19;38;16;8;5;3;105;957;20120101
AT1;AT13;AT130;91401;1408;1;1758;51;27;43;9;16;20;8;16;8;101;1459;20120101
AT1;AT13;AT130;91401;1409;1;164;8;0;5;1;4;2;1;2;0;10;131;20120101
AT1;AT13;AT130;91401;1410;1;3472;105;57;109;41;31;28;23;30;15;244;2789;20120101
AT1;AT13;AT130;91401;1411;1;3049;15;11;90;23;5;8;10;38;16;165;2668;20120101
AT1;AT13;AT130;91401;1412;1;2842;61;32;81;29;16;22;10;22;14;163;2392;20120101
AT1;AT13;AT130;91401;1499;1;57;0;0;2;1;1;0;0;1;0;5;47;20120101
AT1;AT13;AT130;91501;1501;1;5108;474;357;144;172;139;95;81;36;47;595;2968;20120101
AT1;AT13;AT130;91501;1502;1;4981;660;417;143;266;197;127;84;29;83;784;2191;20120101
AT1;AT13;AT130;91501;1503;1;6019;798;436;200;221;222;200;193;22;117;1025;2585;20120101
AT1;AT13;AT130;91501;1504;1;3940;414;311;110;156;160;129;69;26;58;760;1747;20120101
AT1;AT13;AT130;91501;1505;1;5213;496;375;132;148;177;98;110;26;60;708;2883;20120101
AT1;AT13;AT130;91501;1506;1;7123;1021;544;169;338;276;198;215;33;53;870;3406;20120101
AT1;AT13;AT130;91501;1507;1;3926;318;237;74;140;112;72;49;35;27;342;2520;20120101
AT1;AT13;AT130;91501;1599;1;33;0;0;2;2;3;1;5;0;3;14;3;20120101
AT1;AT13;AT130;91601;1601;1;6776;807;679;194;193;221;149;161;42;45;963;3322;20120101
AT1;AT13;AT130;91601;1602;1;4209;644;395;117;258;151;99;112;15;51;665;1702;20120101
AT1;AT13;AT130;91601;1603;1;5932;491;564;83;143;136;106;64;35;41;534;3735;20120101
AT1;AT13;AT130;91601;1604;1;3908;355;269;89;124;111;74;91;25;20;417;2333;20120101
AT1;AT13;AT130;91601;1605;1;7653;921;408;194;316;253;224;126;46;122;910;4133;20120101
AT1;AT13;AT130;91601;1606;1;4893;427;352;94;141;100;68;48;32;21;435;3175;20120101
AT1;AT13;AT130;91601;1607;1;4815;436;286;86;176;114;55;55;25;25;460;3097;20120101
AT1;AT13;AT130;91601;1608;1;1488;46;42;21;7;7;5;8;11;7;52;1282;20120101
AT1;AT13;AT130;91601;1609;1;2396;22;11;51;16;17;8;5;20;10;85;2151;20120101
AT1;AT13;AT130;91601;1610;1;5349;869;673;120;260;222;163;111;14;32;782;2103;20120101
AT1;AT13;AT130;91601;1699;1;76;0;0;4;0;5;0;0;0;0;1;66;20120101
AT1;AT13;AT130;91701;1701;1;5177;630;302;158;264;148;116;124;30;48;669;2688;20120101
AT1;AT13;AT130;91701;1702;1;6836;830;395;219;279;231;138;102;32;61;970;3579;20120101
AT1;AT13;AT130;91701;1703;1;8586;916;419;196;316;288;195;113;58;100;973;5012;20120101
AT1;AT13;AT130;91701;1704;1;1595;31;12;67;10;17;7;9;9;10;117;1306;20120101
AT1;AT13;AT130;91701;1705;1;2770;91;46;75;31;12;20;10;30;24;194;2237;20120101
AT1;AT13;AT130;91701;1706;1;1149;33;6;39;8;4;2;3;9;16;118;911;20120101
AT1;AT13;AT130;91701;1799;1;14;0;0;0;0;0;0;0;0;0;1;13;20120101
AT1;AT13;AT130;91801;1801;1;858;12;5;60;6;0;4;5;8;9;129;620;20120101
AT1;AT13;AT130;91801;1802;1;6358;296;199;334;150;78;72;60;48;74;814;4233;20120101
AT1;AT13;AT130;91801;1803;1;6997;667;284;289;277;131;156;119;37;58;918;4061;20120101
AT1;AT13;AT130;91801;1804;1;4192;140;45;183;76;44;14;41;30;41;427;3151;20120101
AT1;AT13;AT130;91801;1805;1;4009;63;28;225;31;16;18;25;47;43;515;2998;20120101
AT1;AT13;AT130;91901;1901;1;2670;67;40;112;28;17;12;22;24;32;371;1945;20120101
AT1;AT13;AT130;91901;1902;1;4430;267;188;99;81;55;40;37;43;38;568;3014;20120101
AT1;AT13;AT130;91901;1903;1;134;4;22;1;0;0;2;2;1;1;15;86;20120101
AT1;AT13;AT130;91901;1904;1;6224;247;188;255;124;62;55;51;67;60;976;4139;20120101
AT1;AT13;AT130;91901;1905;1;3188;94;48;151;41;23;19;24;36;41;492;2219;20120101
AT1;AT13;AT130;91901;1906;1;2362;31;15;99;20;14;14;5;23;27;350;1764;20120101
AT1;AT13;AT130;91901;1907;1;1319;16;12;55;12;2;5;11;6;15;164;1021;20120101
AT1;AT13;AT130;91901;1908;1;5777;187;117;171;118;39;37;30;68;55;633;4322;20120101
AT1;AT13;AT130;91901;1909;1;2094;47;102;101;25;22;13;28;13;36;491;1216;20120101
AT1;AT13;AT130;91901;1910;1;3858;54;33;155;30;21;10;22;40;37;447;3009;20120101
AT1;AT13;AT130;91901;1999;1;7;0;0;0;0;0;0;0;0;0;2;5;20120101
AT1;AT13;AT130;92001;2001;1;3921;300;337;40;69;119;55;32;26;21;455;2467;20120101
AT1;AT13;AT130;92001;2002;1;7723;829;752;117;256;222;101;149;34;74;1233;3956;20120101
AT1;AT13;AT130;92001;2003;1;6734;684;634;203;170;221;134;115;35;69;965;3504;20120101
AT1;AT13;AT130;92001;2004;1;4600;261;318;86;120;122;64;60;31;35;809;2694;20120101
AT1;AT13;AT130;92001;2005;1;5670;625;537;160;209;144;97;196;27;75;979;2621;20120101
AT1;AT13;AT130;92001;2006;1;4069;308;431;71;83;79;65;53;33;33;507;2406;20120101
AT1;AT13;AT130;92001;2007;1;6192;447;548;90;143;136;82;69;37;48;760;3832;20120101
AT1;AT13;AT130;92001;2008;1;2730;321;239;54;106;86;49;62;23;22;344;1424;20120101
AT1;AT13;AT130;92001;2099;1;41;5;0;1;2;0;0;0;0;0;4;29;20120101
AT1;AT13;AT130;92101;2101;1;638;17;1;9;2;1;1;2;6;1;15;583;20120101
AT1;AT13;AT130;92101;2102;1;3388;76;26;59;90;47;29;21;27;26;263;2724;20120101
AT1;AT13;AT130;92101;2103;1;2614;55;36;35;53;14;14;20;18;13;166;2190;20120101
AT1;AT13;AT130;92101;2104;1;1863;42;19;22;20;10;7;24;20;8;110;1581;20120101
AT1;AT13;AT130;92101;2105;1;8450;368;477;76;111;70;46;94;68;20;886;6234;20120101
AT1;AT13;AT130;92101;2106;1;410;45;6;5;2;7;6;5;3;6;23;302;20120101
AT1;AT13;AT130;92101;2107;1;1846;86;45;40;34;25;10;13;12;21;176;1384;20120101
AT1;AT13;AT130;92101;2108;1;1206;38;34;17;14;9;9;7;8;4;77;989;20120101
AT1;AT13;AT130;92101;2109;1;3286;90;73;59;108;23;10;26;33;15;231;2618;20120101
AT1;AT13;AT130;92101;2110;1;2597;128;64;38;39;42;23;27;19;6;241;1970;20120101
AT1;AT13;AT130;92101;2111;1;2284;82;42;44;63;36;32;22;19;11;274;1659;20120101
AT1;AT13;AT130;92101;2112;1;3516;143;258;27;78;26;20;31;17;7;352;2557;20120101
AT1;AT13;AT130;92101;2113;1;2256;32;20;58;23;11;14;19;13;9;149;1908;20120101
AT1;AT13;AT130;92101;2114;1;2374;86;65;23;28;19;11;26;29;10;141;1936;20120101
AT1;AT13;AT130;92101;2115;1;1901;54;40;31;35;16;13;9;19;24;132;1528;20120101
AT1;AT13;AT130;92101;2116;1;1601;24;3;27;18;3;4;10;19;6;35;1452;20120101
AT1;AT13;AT130;92101;2117;1;3013;170;186;35;71;33;22;24;25;11;277;2159;20120101
AT1;AT13;AT130;92101;2118;1;3444;197;158;64;88;54;48;46;29;25;335;2400;20120101
AT1;AT13;AT130;92101;2119;1;1561;85;37;11;40;21;15;52;7;14;142;1137;20120101
AT1;AT13;AT130;92101;2120;1;787;57;41;10;32;39;21;5;8;5;88;481;20120101
AT1;AT13;AT130;92101;2121;1;3197;313;116;47;99;64;35;58;24;59;344;2038;20120101
AT1;AT13;AT130;92101;2122;1;3984;156;209;73;98;54;47;43;37;51;541;2675;20120101
AT1;AT13;AT130;92101;2123;1;4926;320;147;111;193;87;54;78;48;53;662;3173;20120101
AT1;AT13;AT130;92101;2124;1;1720;49;38;35;62;21;12;18;25;11;154;1295;20120101
AT1;AT13;AT130;92101;2125;1;2134;57;39;47;64;24;10;32;11;22;240;1588;20120101
AT1;AT13;AT130;92101;2126;1;3226;104;110;55;64;56;33;19;22;25;301;2437;20120101
AT1;AT13;AT130;92101;2127;1;759;10;5;22;6;4;4;5;17;2;101;583;20120101
AT1;AT13;AT130;92101;2128;1;157;23;15;3;8;5;7;0;1;0;27;68;20120101
AT1;AT13;AT130;92101;2129;1;40;0;0;1;0;0;0;0;0;0;0;39;20120101
AT1;AT13;AT130;92101;2130;1;9;0;0;0;3;0;0;1;0;0;2;3;20120101
AT1;AT13;AT130;92101;2199;1;211;3;0;4;2;0;0;0;0;1;5;196;20120101
AT1;AT13;AT130;92201;2201;1;1030;10;21;21;19;4;5;14;6;9;86;835;20120101
AT1;AT13;AT130;92201;2202;1;2292;64;29;33;33;21;20;30;11;5;241;1805;20120101
AT1;AT13;AT130;92201;2203;1;680;22;4;16;5;1;5;7;14;6;40;560;20120101
AT1;AT13;AT130;92201;2204;1;1951;28;25;33;39;8;8;14;26;16;80;1674;20120101
AT1;AT13;AT130;92201;2205;1;2637;34;19;42;43;10;7;14;26;14;172;2256;20120101
AT1;AT13;AT130;92201;2206;1;5369;172;189;65;102;33;17;26;31;7;463;4264;20120101
AT1;AT13;AT130;92201;2207;1;2235;34;8;48;40;16;14;20;21;11;167;1856;20120101
AT1;AT13;AT130;92201;2208;1;7531;345;281;95;216;136;65;117;56;27;1103;5090;20120101
AT1;AT13;AT130;92201;2209;1;6435;260;271;106;140;66;56;58;53;30;748;4647;20120101
AT1;AT13;AT130;92201;2210;1;2973;62;64;56;53;24;37;39;16;10;527;2085;20120101
AT1;AT13;AT130;92201;2211;1;5211;201;123;85;132;56;43;86;54;49;634;3748;20120101
AT1;AT13;AT130;92201;2212;1;1628;64;91;20;31;9;11;7;16;11;237;1131;20120101
AT1;AT13;AT130;92201;2213;1;3063;129;87;40;55;24;23;31;25;13;340;2296;20120101
AT1;AT13;AT130;92201;2214;1;2377;37;29;29;21;5;6;9;17;4;116;2104;20120101
AT1;AT13;AT130;92201;2215;1;3954;171;205;39;70;26;15;40;45;27;341;2975;20120101
AT1;AT13;AT130;92201;2216;1;570;26;17;15;5;6;8;2;3;6;36;446;20120101
AT1;AT13;AT130;92201;2217;1;766;6;12;16;9;1;1;5;1;6;45;664;20120101
AT1;AT13;AT130;92201;2218;1;2561;65;56;38;41;27;22;21;22;7;190;2072;20120101
AT1;AT13;AT130;92201;2219;1;2840;195;101;48;52;46;30;38;28;28;350;1924;20120101
AT1;AT13;AT130;92201;2220;1;1460;55;60;27;10;13;9;15;9;14;205;1043;20120101
AT1;AT13;AT130;92201;2221;1;909;25;12;24;21;5;5;5;6;6;75;725;20120101
AT1;AT13;AT130;92201;2222;1;2780;46;19;35;178;25;21;23;22;9;262;2140;20120101
AT1;AT13;AT130;92201;2223;1;2166;73;25;38;39;14;12;24;15;14;260;1652;20120101
AT1;AT13;AT130;92201;2224;1;2815;41;15;43;90;22;15;28;20;21;207;2313;20120101
AT1;AT13;AT130;92201;2225;1;907;13;2;16;8;2;9;5;10;3;46;793;20120101
AT1;AT13;AT130;92201;2226;1;1879;30;5;37;13;5;1;22;28;12;130;1596;20120101
AT1;AT13;AT130;92201;2227;1;3134;45;14;73;42;18;9;20;21;21;244;2627;20120101
AT1;AT13;AT130;92201;2228;1;1791;40;22;36;25;12;8;8;11;21;162;1446;20120101
AT1;AT13;AT130;92201;2229;1;1646;53;32;22;15;5;5;10;22;11;151;1320;20120101
AT1;AT13;AT130;92201;2230;1;9;1;0;0;0;1;0;0;0;0;1;6;20120101
AT1;AT13;AT130;92201;2231;1;48;2;0;3;0;1;0;0;1;0;1;40;20120101
AT1;AT13;AT130;92201;2232;1;2100;78;32;43;89;72;24;19;19;11;440;1273;20120101
AT1;AT13;AT130;92201;2299;1;287;8;6;4;1;1;1;1;2;7;15;241;20120101
AT1;AT13;AT130;92301;2301;1;1178;73;19;22;19;11;16;24;12;16;113;853;20120101
AT1;AT13;AT130;92301;2302;1;2300;179;52;44;53;61;40;29;14;8;187;1633;20120101
AT1;AT13;AT130;92301;2303;1;1675;33;14;27;14;11;8;12;10;13;114;1419;20120101
AT1;AT13;AT130;92301;2304;1;3508;119;143;46;60;127;79;31;19;29;284;2571;20120101
AT1;AT13;AT130;92301;2305;1;4240;150;164;60;97;74;50;46;28;23;332;3216;20120101
AT1;AT13;AT130;92301;2306;1;438;25;3;8;11;8;6;4;2;1;17;353;20120101
AT1;AT13;AT130;92301;2307;1;4078;174;167;76;61;78;68;54;24;25;286;3065;20120101
AT1;AT13;AT130;92301;2308;1;1909;45;58;51;24;15;18;19;17;21;129;1512;20120101
AT1;AT13;AT130;92301;2309;1;3165;71;63;76;30;56;24;34;46;24;189;2552;20120101
AT1;AT13;AT130;92301;2310;1;2368;106;60;50;22;29;21;19;17;12;133;1899;20120101
AT1;AT13;AT130;92301;2311;1;3626;119;163;103;67;63;27;29;27;32;261;2735;20120101
AT1;AT13;AT130;92301;2312;1;2596;110;65;71;34;21;11;15;16;21;172;2060;20120101
AT1;AT13;AT130;92301;2313;1;1948;19;8;51;14;11;2;8;28;5;92;1710;20120101
AT1;AT13;AT130;92301;2314;1;2260;35;18;81;26;14;7;13;21;8;135;1902;20120101
AT1;AT13;AT130;92301;2315;1;1031;5;6;51;14;1;8;4;8;10;53;871;20120101
AT1;AT13;AT130;92301;2316;1;996;20;16;43;20;4;2;9;17;2;65;798;20120101
AT1;AT13;AT130;92301;2317;1;141;9;5;7;2;1;0;0;1;1;25;90;20120101
AT1;AT13;AT130;92301;2318;1;2634;74;79;40;46;24;17;15;20;22;121;2176;20120101
AT1;AT13;AT130;92301;2319;1;4425;87;84;77;89;44;20;28;54;36;245;3661;20120101
AT1;AT13;AT130;92301;2399;1;43;0;4;0;1;1;0;3;1;0;9;24;20120101
